Categoria itinerario,Città,Località,Via,Cap,Provincia,Regione,N. Registro generale,Nome azienda,Data deposito,Data registrazione marchio,Luogo di Deposito,Nome marchio,Settore produzione,Importazione Si/No,Itinerario (periodo),Descrizione del marchio,Sito azienda,Note,Bibliografia,Sitografia,URL immagine,URL immagine 2,Tipologia edificio,Rifunzionalizzato Si/No,Tipo di rifunzionalizzazione,Latitude,Longitude
aziendale,Nocera Inferiore,NULL,NULL,84014,SA,Campania,4532,COMPAGNIA VESUVIANA PRODOTTI CONSERVATI,1899/11/09,1900/03/29,Milano,La Paysanne,Agro alimentare,Si,Contemporaneo,"Una zona circolare con fregi portanti sulla parte inferiore le parole ""vesuvio brand"" e nella superiore una corona fantastica:nello spazio rimanente della zona sono disposte sei coroncine separate da altrettante stellette. il campo centrale contiene la veduta del vesuvio in eruzione.",NULL,Non disponiamo di informazioni riguardanti questa azienda.  potrebbe essere  che il brand fosse utilizzato per  soli scopi commerciali utilizzando prodotti trasformati da aziende terze.,NULL,http://dati.acs.beniculturali.it/mm/local/,http://dati.acs.beniculturali.it/media/bm/thmb/ACS_029/P004059_6101-6200/WEB/6101-6200_0052.jpg,http://dati.acs.beniculturali.it/media/bm/wtmk/ACS_033A/P005019_58-59-60/WEB/Vol_58-59-60_0080.jpg,NULL,NULL,NULL,NULL,NULL
aziendale,Nocera Inferiore,NULL,NULL,84014,SA,Campania,6158,COMPAGNIA VESUVIANA PRODOTTI CONSERVATI,1904/01/31,1904/05/17,Milano,La Paysanne,Agro alimentare,Si,Contemporaneo,"Etichetta rettangolare portante a sinistra, sopra un gruppo di medaglie un fondo circolare nel quale campeggia la veduta del vesuvio;lo sfondo è sormontato una corona con la parola marca registrata e porta lungo l'orlo inferiore la scritta vesuvio brand. a destra, sopra una tamburella contornata da pomidoro con foglie, leggesi ""estratto concentrato di pomidoro-purèe concentrèe de tomates"";segna la figura di una contadina in costume napoletano ridente con un cesto di pomidoro e verso destra la veduta del golfo di napoli con il vesuvio,il mare e due barche a vela. in alto leggesi tra due virgolette ""la paysanne"" ed infondo a destra  ""compagnia vesuviana prodotti conservati milano-salerno-nocera inferiore",NULL,Non disponiamo di informazioni riguardanti questa azienda.  potrebbe essere  che il brand fosse utilizzato per  soli scopi commerciali utilizzando prodotti trasformati da aziende terze.,NULL,http://dati.acs.beniculturali.it/mm/local/,http://dati.acs.beniculturali.it/media/bm/wtmk/ACS_029/P004059_6101-6200/WEB/6101-6200_0052.jpg,http://dati.acs.beniculturali.it/media/bm/wtmk/ACS_033A/P005019_58-59-60/WEB/Vol_58-59-60_0080.jpg,NULL,NULL,NULL,NULL,NULL
aziendale,Nocera Inferiore,Piedimonte,NULL,84014,SA,Campania,6710,ANDREANI SPERA E C.,1905/02/11,1905/04/29,Napoli,NULL,Agro alimentare,No,Contemporaneo,"Etichetta rettangolare a fondo bleu portante a sinistra un'ancora sormontata dalle parole ""marca di fabbrica"", un gruppo di medaglie, ed un tamburello a fondo giallo, ornato di rami  di pomidoro, sul quale leggesi ""specialità estratto di pomidoro-chiusura della scatola senza stagna- lavorazione a macchina- presso il tamburello vedesi una contadina che porta un cesto di pomidori, ed a destra dell'etichetta una marina con vele e veduta del vesuvio, oltre la scritta ""andreani spera & c. nocera inferiore (napoli).",NULL,NULL,NULL,http://dati.acs.beniculturali.it/mm/local/,http://dati.acs.beniculturali.it/media/bm/thmb/ACS_029/P004065_6701-6800/WEB/6701-6800_0013.jpg,http://dati.acs.beniculturali.it/media/bm/wtmk/ACS_033A/P005020_61-62-63/WEB/Vol_61-62-63_0268.jpg,NULL,NULL,NULL,40.75240767002924,14.647127084417662
aziendale,Nocera Inferiore,"Mercato, Arenula","Via G. B. Castaldo, 51",84014,SA,Campania,31970,SOCIETA' ANONIMA NOCERINA CONSERVE ALIMENTARI (S.A.N.C.A.),1925/10/01,1926/04/14,Roma,Pantera,Agro alimentare,Si,Contemporaneo,Presenta sulla destra un bollo con raffigurata una pantera e sovrastata dalla scritta s.a.n.c.a. centralmente si vedono un gruppo di pomodori e sulla sinistra l'acronimo dell'azienda. da notare inoltre la presenza di parole in lingua inglese funzionali ai prodotti da esportazione.,NULL,NULL,"R. Vitolo, M. Stanzione (eds.), Capitani d'industrua, in Com'eravamo. Un secolo di vita a Nocera Inferiore tra ricordi immagini testimonianze, Nocera Inferiore 2013, pp. 157-158, ISBN 978-88-902535-9-1.",http://dati.acs.beniculturali.it/mm/local/,http://dati.acs.beniculturali.it/media/bm/wtmk/ACS_018/P002014_291-292-293/WEB/291-292-293_0241.jpg,NULL,NULL,Si,Supermercato,40.74658854047788,14.64624510288485
aziendale,Nocera Inferiore,Liporta,"Via E. Astuti, 52 - Via Napoli",84014,SA,Campania,38783,SALVATORE FORINO E FIGLI,1929/07/05,1930/03/04,Roma,Cheval,Agro alimentare,Si,Contemporaneo,Presenta un cavallo sulla sinistra e sullo sfondo il monte vesuvio. il testo dell'etichetta è scritto in lingua francese.,NULL,Viene indicato il posizionamento dell'azienda dopo il 1950,"R. Vitolo, M. Stanzione (eds.), Capitani d'industrua, in Com'eravamo. Un secolo di vita a Nocera Inferiore tra ricordi immagini testimonianze, Nocera Inferiore 2013, pp. 157-158, ISBN 978-88-902535-9-1.",http://dati.acs.beniculturali.it/mm/local/,http://dati.acs.beniculturali.it/media/bm/wtmk/ACS_019/P002042_38701-38900/WEB/38701-38900_0088.jpg,NULL,NULL,Si,"Supermercato, Pub, Altre aziende, Istituto Alberghiero, Insediamento per civili abitazioni",40.74629526946984,14.63495163616335
aziendale,Nocera Inferiore,Merichi,NULL,84014,SA,Campania,40433,GABRIELE GAMBARDELLA E FIGLI,1929/08/14,1931/01/26,Roma,La Romanella,Agro alimentare,Si,Contemporaneo,Etichetta scritta in lingua inglese. al centro è presente una contadina a busto intero e ad  ambo i lati sono presenti due gruppi di pomidori,NULL,NULL,"R. Vitolo, M. Stanzione (eds.), Capitani d'industrua, in Com'eravamo. Un secolo di vita a Nocera Inferiore tra ricordi immagini testimonianze, Nocera Inferiore 2013, pp. 157-158, ISBN 978-88-902535-9-1.",http://dati.acs.beniculturali.it/mm/local/,http://dati.acs.beniculturali.it/media/bm/wtmk/ACS_020/P002050_40301-40500/WEB/40301-40500_0139.jpg,NULL,NULL,Si,Attività produttive,40.748607534830775,14.635621313855124
aziendale,Nocera Inferiore,NULL,NULL,84014,SA,Campania,43184,BENEDETTO CELENTANO,1930/11/15,1932/06/26,Roma,La bella nocerina,Agro alimentare,No,Contemporaneo,"Etichetta scritta in italiano, all'estremo sinistro presenta una contadina in una cornice dove campeggia la scritta ""la bella nocerina"". all'estremo sinistro è presente, invece, un gruppo di pomidori.",NULL,NULL,NULL,http://dati.acs.beniculturali.it/mm/local/,http://dati.acs.beniculturali.it/media/bm/wtmk/ACS_020/P002064_43101-43300/WEB/43101-43300_0090.jpg,NULL,NULL,NULL,NULL,40.74159861076623,14.632279146462679
aziendale,Nocera Inferiore,Corso Vittorio Emanuele / Sant'Angelo In Grotta,"Via Atzori, 174",84014,SA,Campania,43961,ISAIA GABOLA,1931/04/13,1932/10/20,Napoli,NULL,Mulini e pastifici,Si,Contemporaneo,"Marchio con una grande scritta in rosso che recita ""pastificio isaia gabola"". in alto presenta un gallo formato da varie tipologia di pasta",NULL,NULL,"R. Vitolo, M. Stanzione (eds.), Capitani d'industrua, in Com'eravamo. Un secolo di vita a Nocera Inferiore tra ricordi immagini testimonianze, Nocera Inferiore 2013, pp. 157-158, ISBN 978-88-902535-9-1.",http://dati.acs.beniculturali.it/mm/local/,http://dati.acs.beniculturali.it/media/bm/thmb/ACS_020/P002068_43901-44100/WEB/43901-44100_0073.jpg,http://dati.acs.beniculturali.it/media/bm/thmb/ACS_020/P002068_43901-44100/WEB/43901-44100_0074.jpg,NULL,Si,Istituto Tecnico Industriale Marconi,40.74226636042788,14.63459433453509
aziendale,Nocera Inferiore,Via Napoli,NULL,84014,SA,Campania,44604,INDUSTRIE AROMATICHE DOTT. GUSTAVO MARANCA,1931/10/29,1933/02/28,Napoli,Dottor GusMar,Chimica,No,Contemporaneo,"Marchio ovale con scritta al suo interno ""dottor gusmar""",NULL,Incerto,NULL,http://dati.acs.beniculturali.it/mm/local/,http://dati.acs.beniculturali.it/media/bm/wtmk/ACS_020/P002071_44501-44700/WEB/44501-44700_0108.jpg,NULL,NULL,NULL,NULL,40.7470987632405,14.632356783840807
aziendale,Nocera Inferiore,NULL,NULL,84014,SA,Campania,46056,ENRICO PECORARO,1932/04/08,1933/09/02,Roma,Woffollin Stella,Chimica,Si,Contemporaneo,NULL,NULL,NULL,NULL,http://dati.acs.beniculturali.it/mm/local/,http://dati.acs.beniculturali.it/media/bm/wtmk/ACS_021/P002078_45901-46100/WEB/45901-46100_0283.jpg,http://dati.acs.beniculturali.it/media/bm/wtmk/ACS_021/P002078_45901-46100/WEB/45901-46100_0284.jpg,NULL,NULL,NULL,NULL,NULL
aziendale,Nocera Inferiore,Sperandei,NULL,84014,SA,Campania,45061,D'ALESSIO E GAETANO,1932/07/11,1933/04/26,Napoli,La Cristofaro Colombo Brand,Agro alimentare,Si,Contemporaneo,"Il marchio presenta ai due estremi delle cornici rotonde. sulla sinistra si nota un cristoforo colombo rappresentato per intero e dietro di lui più navi ormeggiate. all'estremo destro del marchio sono presenti quattro pomodori. al centro del marchio è presente la scritta ""d'alessio e gaetano""",NULL,NULL,"R. Vitolo, M. Stanzione (eds.), Capitani d'industrua, in Com'eravamo. Un secolo di vita a Nocera Inferiore tra ricordi immagini testimonianze, Nocera Inferiore 2013, pp. 157-158, ISBN 978-88-902535-9-1.",http://dati.acs.beniculturali.it/mm/local/,http://dati.acs.beniculturali.it/media/bm/wtmk/ACS_021/P002073_44901-45100/WEB/44901-45100_0178.jpg,NULL,NULL,NULL,NULL,NULL,NULL
aziendale,Nocera Inferiore,Merichi,NULL,84014,SA,Campania,48298,FRANCESCO SPINELLI,1933/10/02,1934/06/21,Napoli,Moretto,Agro alimentare,Si,Contemporaneo,"All'estremo sinistro il marchio presenta un uomo di colore in una cornice rotonda, all'estremo destro ci sono un gruppo di pomidori, il marchio è di colore blu scuro.",NULL,NULL,"R. Vitolo, M. Stanzione (eds.), Capitani d'industrua, in Com'eravamo. Un secolo di vita a Nocera Inferiore tra ricordi immagini testimonianze, Nocera Inferiore 2013, pp. 157-158, ISBN 978-88-902535-9-1.",http://dati.acs.beniculturali.it/mm/local/,http://dati.acs.beniculturali.it/media/bm/wtmk/ACS_022/P002089_48101-48300/WEB/48101-48300_0227.jpg,NULL,NULL,NULL,NULL,40.74942926001023,14.635014751741195
aziendale,Nocera Inferiore,Sperandei,NULL,84014,SA,Campania,48560,D'ALESSIO E GAETANO,1933/11/09,1934/07/15,Napoli,Sole d'Italia,Agro alimentare,No,Contemporaneo,"Marchio a sfondo giallo con caratteri blu, presenta due disegni diversi ai suoi estremi.a destra troviamo un gruppo di pomidori sovrastanti la scritta ''labor omnia vincit'' a sinistra, invece, si nota un sole sovrastante la scritta precedente. al centro è presente la scritta ''d'alessio&gaetano''.",NULL,NULL,"R. Vitolo, M. Stanzione (eds.), Capitani d'industrua, in Com'eravamo. Un secolo di vita a Nocera Inferiore tra ricordi immagini testimonianze, Nocera Inferiore 2013, pp. 157-158, ISBN 978-88-902535-9-1.",http://dati.acs.beniculturali.it/mm/local/,http://dati.acs.beniculturali.it/media/bm/wtmk/ACS_022/P002091_48501-48700/WEB/48501-48700_0067.jpg,NULL,NULL,NULL,NULL,NULL,NULL
aziendale,Nocera Inferiore,Merichi,NULL,84014,SA,Campania,48925,GABRIELE GAMBARDELLA E FIGLI,1934/01/30,1934/09/11,Roma,La Romanella,Agro alimentare,Si,Contemporaneo,"Il marchio è ovale, al suo interno è presente una contadina che ha con se in un cesto una moltitudine di pomidori. sullo sfondo, inoltre, è presente il colosseo.",NULL,NULL,"R. Vitolo, M. Stanzione (eds.), Capitani d'industrua, in Com'eravamo. Un secolo di vita a Nocera Inferiore tra ricordi immagini testimonianze, Nocera Inferiore 2013, pp. 157-158, ISBN 978-88-902535-9-1.",http://dati.acs.beniculturali.it/mm/local/,http://dati.acs.beniculturali.it/media/bm/wtmk/ACS_022/P002093_48901-49100/WEB/48901-49100_0030.jpg,NULL,NULL,NULL,NULL,40.748607534830775,14.635621313855124
aziendale,Nocera Inferiore,Liporta,"Via E. Astuti, 52 - Via Napoli",84014,SA,Campania,49312,SALVATORE FORINO E FIGLI,1934/03/15,1934/10/22,Roma,Cheval,Agro alimentare,Si,Contemporaneo,"Il marchio presenta a sinistra la figura di un cavallo nero e dietro di esso è presente napoli, ben distinguibile per via della presenza del vesuvio. a destra sono raffigurati un gruppo di pomidori e una scritta ''super forino''",NULL,Viene indicato il posizionamento dell'azienda dopo il 1950,"R. Vitolo, M. Stanzione (eds.), Capitani d'industrua, in Com'eravamo. Un secolo di vita a Nocera Inferiore tra ricordi immagini testimonianze, Nocera Inferiore 2013, pp. 157-158, ISBN 978-88-902535-9-1.",http://dati.acs.beniculturali.it/mm/local/,http://dati.acs.beniculturali.it/media/bm/wtmk/ACS_022/P002095_49301-49500/WEB/49301-49500_0015.jpg,http://dati.acs.beniculturali.it/media/bm/thmb/ACS_022/P002095_49301-49500/WEB/49301-49500_0016.jpg,NULL,NULL,"Supermercato, Pub, Altre aziende, Istituto Alberghiero, Insediamento per civili abitazioni",40.74629526946984,14.63495163616335
aziendale,Nocera Inferiore,Liporta,"Via E. Astuti, 52 - Via Napoli",84014,SA,Campania,49672,SALVATORE FORINO E FIGLI,1934/03/15,1934/11/28,Napoli,Luciana,Agro alimentare,Si,Contemporaneo,"Il marchio presenta a sinistra la figura di una contadina gioiosa e a destra un gruppo di pomidori, il marchio è stato depositato a colori.",NULL,Viene indicato il posizionamento dell'azienda dopo il 1950,"R. Vitolo, M. Stanzione (eds.), Capitani d'industrua, in Com'eravamo. Un secolo di vita a Nocera Inferiore tra ricordi immagini testimonianze, Nocera Inferiore 2013, pp. 157-158, ISBN 978-88-902535-9-1.",http://dati.acs.beniculturali.it/mm/local/,http://dati.acs.beniculturali.it/media/bm/wtmk/ACS_022/P002096_49501-49700/WEB/49501-49700_0205.jpg,http://dati.acs.beniculturali.it/media/bm/thmb/ACS_022/P002096_49501-49700/WEB/49501-49700_0206.jpg,NULL,NULL,"Supermercato, Pub, Altre aziende, Istituto Alberghiero, Insediamento per civili abitazioni",40.74629526946984,14.63495163616335
aziendale,Nocera Inferiore,Liporta,"Via E. Astuti, 52 - Via Napoli",84014,SA,Campania,49673,SALVATORE FORINO E FIGLI,1934/03/15,1934/11/28,Napoli,Maschio Angioino,Agro alimentare,Si,Contemporaneo,"Il marchio presenta a sinistra un gruppo di pomodori e a destra il maschio angioino, da cui il nome del brand. il marchio è stato depositato a colori con sfondo giallo e scritte rosse ''salvatore forino e figli''.",NULL,Viene indicato il posizionamento dell'azienda dopo il 1950,"R. Vitolo, M. Stanzione (eds.), Capitani d'industrua, in Com'eravamo. Un secolo di vita a Nocera Inferiore tra ricordi immagini testimonianze, Nocera Inferiore 2013, pp. 157-158, ISBN 978-88-902535-9-1.",http://dati.acs.beniculturali.it/mm/local/,http://dati.acs.beniculturali.it/media/bm/wtmk/ACS_022/P002096_49501-49700/WEB/49501-49700_0207.jpg,http://dati.acs.beniculturali.it/media/bm/thmb/ACS_022/P002096_49501-49700/WEB/49501-49700_0208.jpg,NULL,NULL,"Supermercato, Pub, Altre aziende, Istituto Alberghiero, Insediamento per civili abitazioni",40.74629526946984,14.63495163616335
aziendale,Nocera Inferiore,Merichi,NULL,84014,SA,Campania,51996,GABRIELE GAMBARDELLA E FIGLI,1935/06/15,1935/10/10,Roma,La Romanella,Agro alimentare,Si,Contemporaneo,Marchio depositato in colore- descrizione:fondo generale giallo arancione; gruppi di pomodori al colore naturale; figura di donna in bianco rosso e verde,NULL,NULL,"R. Vitolo, M. Stanzione (eds.), Capitani d'industrua, in Com'eravamo. Un secolo di vita a Nocera Inferiore tra ricordi immagini testimonianze, Nocera Inferiore 2013, pp. 157-158, ISBN 978-88-902535-9-1.",http://dati.acs.beniculturali.it/mm/local/,http://dati.acs.beniculturali.it/media/bm/wtmk/ACS_022/P002108_51901-52100/WEB/51901-52100_0111.jpg,http://dati.acs.beniculturali.it/media/bm/wtmk/ACS_022/P002108_51901-52100/WEB/51901-52100_0112.jpg,NULL,NULL,NULL,40.748607534830775,14.635621313855124
aziendale,Nocera Inferiore,Merichi,NULL,84014,SA,Campania,51997,GABRIELE GAMBARDELLA E FIGLI,1935/06/15,1935/10/10,Roma,La Romanella,Agro alimentare,Si,Contemporaneo,Marchio depositato in colore. fondo generale giallo e arancione. gruppo di pomodori al colore naturale;figura di donna centrale in bianco.,NULL,NULL,"R. Vitolo, M. Stanzione (eds.), Capitani d'industrua, in Com'eravamo. Un secolo di vita a Nocera Inferiore tra ricordi immagini testimonianze, Nocera Inferiore 2013, pp. 157-158, ISBN 978-88-902535-9-1.",http://dati.acs.beniculturali.it/mm/local/,http://dati.acs.beniculturali.it/media/bm/wtmk/ACS_022/P002108_51901-52100/WEB/51901-52100_0113.jpg,http://dati.acs.beniculturali.it/media/bm/wtmk/ACS_022/P002108_51901-52100/WEB/51901-52100_0113.jpg,NULL,NULL,NULL,40.748607534830775,14.635621313855124
aziendale,Nocera Inferiore,NULL,NULL,84014,SA,Campania,53512,FRANCESCO SPINELLI E GAETANO SCHIAVO,1936/05/09,1936/06/22,Napoli,Moretto,Agro alimentare,No,Contemporaneo,Marchio non disponibile.,NULL,E' stato indicato il posizionamento della spinelli,"R. Vitolo, M. Stanzione (eds.), Capitani d'industrua, in Com'eravamo. Un secolo di vita a Nocera Inferiore tra ricordi immagini testimonianze, Nocera Inferiore 2013, pp. 157-158, ISBN 978-88-902535-9-1.",http://dati.acs.beniculturali.it/mm/local/,http://dati.acs.beniculturali.it/media/bm/wtmk/ACS_023/P002116_53501-53700/WEB/53501-53700_0019.jpg,NULL,NULL,NULL,NULL,40.74942926001023,14.635014751741195
aziendale,Nocera Inferiore,NULL,NULL,84014,SA,Campania,54036,FRANCESCO SPINELLI E GAETANO SCHIAVO,1936/07/16,1936/09/25,Napoli,Africanella,Agro alimentare,Si,Contemporaneo,"Il marchio è di colore bianco e nero, presenta una donna africana che sorride.",NULL,E' stato indicato il posizionamento della spinelli,"R. Vitolo, M. Stanzione (eds.), Capitani d'industrua, in Com'eravamo. Un secolo di vita a Nocera Inferiore tra ricordi immagini testimonianze, Nocera Inferiore 2013, pp. 157-158, ISBN 978-88-902535-9-1.",http://dati.acs.beniculturali.it/mm/local/,http://dati.acs.beniculturali.it/media/bm/wtmk/ACS_023/P002116_53501-53700/WEB/53501-53700_0019.jpg,NULL,NULL,NULL,NULL,40.74942926001023,14.635014751741195
aziendale,Nocera Inferiore,NULL,NULL,84014,SA,Campania,54344,FRANCESCO SPINELLI E GAETANO SCHIAVO,1936/09/10,1936/11/24,Napoli,Africanella,Agro alimentare,Si,Contemporaneo,Il marchio è di colori bianco e nero e presenta una donna africana che sorride qui il nome del brand.,NULL,E' stato indicato il posizionamento della spinelli,"R. Vitolo, M. Stanzione (eds.), Capitani d'industrua, in Com'eravamo. Un secolo di vita a Nocera Inferiore tra ricordi immagini testimonianze, Nocera Inferiore 2013, pp. 157-158, ISBN 978-88-902535-9-1.",http://dati.acs.beniculturali.it/mm/local/,http://dati.acs.beniculturali.it/media/bm/wtmk/ACS_023/P002120_54301-54500/WEB/54301-54500_0053.jpg,NULL,NULL,NULL,NULL,40.74942926001023,14.635014751741195
aziendale,Nocera Inferiore,Sperandei,NULL,84014,SA,Campania,56033,MATTEO E LUIGI D'ALESSIO,1937/07/06,1937/10/21,Napoli,La Trasteverina,Agro alimentare,No,Contemporaneo,Etichetta impressa in rosso e nero su fondo celeste e giallo. vi è un disegno di una donna che sorride.,NULL,NULL,"R. Vitolo, M. Stanzione (eds.), Capitani d'industrua, in Com'eravamo. Un secolo di vita a Nocera Inferiore tra ricordi immagini testimonianze, Nocera Inferiore 2013, pp. 157-158, ISBN 978-88-902535-9-1.",http://dati.acs.beniculturali.it/mm/local/,http://dati.acs.beniculturali.it/media/bm/thmb/ACS_023/P002128_55901-56100/WEB/55901-56100_0153.jpg,NULL,NULL,NULL,NULL,NULL,NULL
aziendale,Nocera Inferiore,Sperandei,NULL,84014,SA,Campania,56283,MATTEO E LUIGI D'ALESSIO,1937/08/11,1937/11/29,Napoli,Pupetta Nera,Agro alimentare,Si,Contemporaneo,"Presenta a sinistra una donna di colore portante una cesta di pomodori a destra,invece, sono presenti un gruppo di pomodori. il marchio è stato depositato a colori, è di fondo giallo e bordata in celeste e sono presenti scritte in rosso.",NULL,NULL,"R. Vitolo, M. Stanzione (eds.), Capitani d'industrua, in Com'eravamo. Un secolo di vita a Nocera Inferiore tra ricordi immagini testimonianze, Nocera Inferiore 2013, pp. 157-158, ISBN 978-88-902535-9-1.",http://dati.acs.beniculturali.it/mm/local/,http://dati.acs.beniculturali.it/media/bm/wtmk/ACS_023/P002129_56101-56300/WEB/56101-56300_0200.jpg,http://dati.acs.beniculturali.it/media/bm/thmb/ACS_023/P002129_56101-56300/WEB/56101-56300_0201.jpg,NULL,NULL,NULL,NULL,NULL
aziendale,Nocera Inferiore,NULL,NULL,84014,SA,Campania,56277,FRANCESCO SPINELLI E GAETANO SCHIAVO,1937/08/20,1937/11/29,Napoli,Africanella,Agro alimentare,Si,Contemporaneo,"Il marchio è stato depositato a colori, presenta una donna africana sulla sinistra in una cornice rotonda. sulla destra un marchio di colore blu con all'interno un gruppo di pomodori di colore naturale.",NULL,E' stato indicato il posizionamento della spinelli,"R. Vitolo, M. Stanzione (eds.), Capitani d'industrua, in Com'eravamo. Un secolo di vita a Nocera Inferiore tra ricordi immagini testimonianze, Nocera Inferiore 2013, pp. 157-158, ISBN 978-88-902535-9-1.",http://dati.acs.beniculturali.it/mm/local/,http://dati.acs.beniculturali.it/media/bm/wtmk/ACS_023/P002129_56101-56300/WEB/56101-56300_0194.jpg,NULL,NULL,NULL,NULL,40.74942926001023,14.635014751741195
aziendale,Nocera Inferiore,NULL,NULL,84014,SA,Campania,59083,ENRICO ESPOSITO FU DOMENICO,1938/10/26,1939/04/28,Napoli,La Saporita,Agro alimentare,No,Contemporaneo,"Marchio depositato a colori con fondo giallo, a sinistra presenta una contadina con una grande mole di pomodori, a sinistra sono presenti un gruppo di pomodori. al centro del marchio è presente una scritta ''enrico esposito fu domenico''",NULL,NULL,NULL,http://dati.acs.beniculturali.it/mm/local/,http://dati.acs.beniculturali.it/media/bm/wtmk/ACS_024/P002143_59001-59200/WEB/59001-59200_0091.jpg,NULL,NULL,NULL,NULL,NULL,NULL
aziendale,Nocera Inferiore,NULL,NULL,84014,SA,Campania,61276,ANTONIO CITARELLA,1940/01/05,1940/03/12,Napoli,Marca Elefante,Agro alimentare,Si,Contemporaneo,Il marchio è stato depositato a colori. è a fondo celeste e a caratteri bianchi. alla sinistra del marchio è raffigurato un elefante con diversi pomodori da cui il nome del brand,NULL,NULL,NULL,http://dati.acs.beniculturali.it/mm/local/,http://dati.acs.beniculturali.it/media/bm/wtmk/ACS_025/P002154_61202-61402/WEB/61202-61402_0081.jpg,NULL,NULL,NULL,NULL,NULL,NULL
aziendale,Nocera Inferiore,NULL,NULL,84014,SA,Campania,65487,ANDREA CASO,1942/01/17,1942/09/24,Napoli,Reginella,Agro alimentare,Si,Contemporaneo,"Marchio depositato a colori. il marchio è in fondo blu con caratteri, a sinistra è presente un gruppo di pomodori, alla destra marchio è presente una contadina portante un cesto di pomodori e alle spalle della contadine è presente il vesuvio.",NULL,NULL,NULL,http://dati.acs.beniculturali.it/mm/local/,http://dati.acs.beniculturali.it/media/bm/wtmk/ACS_025/P000334_65401-65599/WEB/65401-65599_0114.jpg,NULL,NULL,NULL,NULL,NULL,NULL
aziendale,Nocera Inferiore,Liporta,"Via E. Astuti, 52 - Via Napoli",84014,SA,Campania,67516,SALVATORE FORINO E FIGLI,1942/11/05,1945/11/24,Roma,Luciana,Agro alimentare,Si,Contemporaneo,"Marchio depositato a colori, lo sfondo è di colore azzurro e presenta scritte in rosso. a sinistra è presente una contadina mentre a destra un gruppo di pomodori.",NULL,Viene indicato il posizionamento dell'azienda dopo il 1950,"R. Vitolo, M. Stanzione (eds.), Capitani d'industrua, in Com'eravamo. Un secolo di vita a Nocera Inferiore tra ricordi immagini testimonianze, Nocera Inferiore 2013, pp. 157-158, ISBN 978-88-902535-9-1.",http://dati.acs.beniculturali.it/mm/local/,http://dati.acs.beniculturali.it/media/bm/wtmk/ACS_026/P000344_67402-67600/WEB/67402-67600_0122.jpg,http://dati.acs.beniculturali.it/media/bm/wtmk/ACS_026/P000344_67402-67600/WEB/67402-67600_0123.jpg,NULL,NULL,NULL,40.74629526946984,14.63495163616335
aziendale,Nocera Inferiore,Liporta,"Via E. Astuti, 52 - Via Napoli",84014,SA,Campania,67237,SALVATORE FORINO E FIGLI,1942/11/05,1945/10/02,Roma,Super Forino estratto di pomodoro,Agro alimentare,Si,Contemporaneo,NULL,NULL,Viene indicato il posizionamento dell'azienda dopo il 1950,"R. Vitolo, M. Stanzione (eds.), Capitani d'industrua, in Com'eravamo. Un secolo di vita a Nocera Inferiore tra ricordi immagini testimonianze, Nocera Inferiore 2013, pp. 157-158, ISBN 978-88-902535-9-1.",http://dati.acs.beniculturali.it/mm/local/,http://dati.acs.beniculturali.it/media/bm/wtmk/ACS_026/P000343_67201-67401/WEB/67201-67401_0043.jpg,NULL,NULL,Si,"Supermercato, Pub, Altre aziende, Istituto Alberghiero, Insediamento per civili abitazioni",40.74629526946984,14.63495163616335
aziendale,Nocera Inferiore,"Mercato, Arenula","Via G. B. Castaldo, 51",84014,SA,Campania,67142,SOCIETA' ANONIMA NOCERINA CONSERVE ALIMENTARI (S.A.N.C.A.),1943/08/28,1945/03/24,Roma,Pantera,Agro alimentare,Si,Contemporaneo,Il marchio presenta una pantera in bianco e nero sottostante la scritta s.a.n.c.a.,NULL,NULL,"R. Vitolo, M. Stanzione (eds.), Capitani d'industrua, in Com'eravamo. Un secolo di vita a Nocera Inferiore tra ricordi immagini testimonianze, Nocera Inferiore 2013, pp. 157-158, ISBN 978-88-902535-9-1.",http://dati.acs.beniculturali.it/mm/local/,http://dati.acs.beniculturali.it/media/bm/wtmk/ACS_026/P000342_67001-67200/WEB/67001-67200_0152.jpg,NULL,NULL,Si,Supermercato,40.74658854047788,14.64624510288485
aziendale,Nocera Inferiore,"Mercato, Arenula","Via G. B. Castaldo, 51",84014,SA,Campania,68971,SOCIETA' ANONIMA NOCERINA CONSERVE ALIMENTARI (S.A.N.C.A.),1943/08/28,1946/04/25,Roma,Pantera,Agro alimentare,Si,Contemporaneo,"Le scritte presenti sul marchio sono il lingua inglese, l'immagine non è a colori e presenta un gruppo di pomodori centrali.",NULL,NULL,"R. Vitolo, M. Stanzione (eds.), Capitani d'industrua, in Com'eravamo. Un secolo di vita a Nocera Inferiore tra ricordi immagini testimonianze, Nocera Inferiore 2013, pp. 157-158, ISBN 978-88-902535-9-1.",http://dati.acs.beniculturali.it/mm/local/,http://dati.acs.beniculturali.it/media/bm/wtmk/ACS_026/P000351_68802-69001/WEB/68802-69001_0186.jpg,NULL,NULL,Si,Supermercato,40.74658854047788,14.64624510288485
aziendale,Nocera Inferiore,Merichi,NULL,84014,SA,Campania,75851,GABRIELE GAMBARDELLA E FIGLI,1945/08/18,1947/10/06,Roma,La Romanella,Agro alimentare,NULL,Contemporaneo,Il marchio presenta una donna incorniciata da una cornice ovale e sia al lato destro che a quello sinistro sono presenti gruppi di pomodori,NULL,NULL,"R. Vitolo, M. Stanzione (eds.), Capitani d'industrua, in Com'eravamo. Un secolo di vita a Nocera Inferiore tra ricordi immagini testimonianze, Nocera Inferiore 2013, pp. 157-158, ISBN 978-88-902535-9-1.",http://dati.acs.beniculturali.it/mm/local/,http://dati.acs.beniculturali.it/media/bm/wtmk/ACS_027/P000386_75801-76000/WEB/75801-76000_0059.jpg,http://dati.acs.beniculturali.it/media/bm/thmb/ACS_027/P000386_75801-76000/WEB/75801-76000_0060.jpg,NULL,NULL,NULL,40.748607534830775,14.635621313855124
aziendale,Nocera Inferiore,Merichi,NULL,84014,SA,Campania,75852,GABRIELE GAMBARDELLA E FIGLI,1945/08/18,1947/10/06,Roma,La Romanella,Agro alimentare,NULL,Contemporaneo,NULL,NULL,NULL,"R. Vitolo, M. Stanzione (eds.), Capitani d'industrua, in Com'eravamo. Un secolo di vita a Nocera Inferiore tra ricordi immagini testimonianze, Nocera Inferiore 2013, pp. 157-158, ISBN 978-88-902535-9-1.",http://dati.acs.beniculturali.it/mm/local/,http://dati.acs.beniculturali.it/media/bm/wtmk/ACS_027/P000386_75801-76000/WEB/75801-76000_0061.jpg,NULL,NULL,NULL,NULL,40.748607534830775,14.635621313855124
aziendale,Nocera Inferiore,Sperandei,NULL,84014,SA,Campania,81224,MATTEO E LUIGI D'ALESSIO,1946/04/27,1948/07/16,Roma,La Trasteverina,Agro alimentare,NULL,Contemporaneo,NULL,NULL,NULL,"R. Vitolo, M. Stanzione (eds.), Capitani d'industrua, in Com'eravamo. Un secolo di vita a Nocera Inferiore tra ricordi immagini testimonianze, Nocera Inferiore 2013, pp. 157-158, ISBN 978-88-902535-9-1.",http://dati.acs.beniculturali.it/mm/local/,http://dati.acs.beniculturali.it/media/bm/wtmk/ACS_001/P000014_81201-81401/WEB/81201-81401_0028.jpg,http://dati.acs.beniculturali.it/media/bm/wtmk/ACS_001/P000014_81201-81401/WEB/81201-81401_0029.jpg,NULL,NULL,NULL,NULL,NULL
aziendale,Nocera Inferiore,Sperandei,NULL,84014,SA,Campania,82007,MATTEO E LUIGI D'ALESSIO,1946/04/27,1948/09/11,Roma,Pupetta Nera,Agro alimentare,NULL,Contemporaneo,"All'estremo sinistro del marchio è presente una donna di colore che un cesto di pomodori,invece, all'estremo destro sono presenti dei pomodori.",NULL,NULL,"R. Vitolo, M. Stanzione (eds.), Capitani d'industrua, in Com'eravamo. Un secolo di vita a Nocera Inferiore tra ricordi immagini testimonianze, Nocera Inferiore 2013, pp. 157-158, ISBN 978-88-902535-9-1.",http://dati.acs.beniculturali.it/mm/local/,http://dati.acs.beniculturali.it/media/bm/wtmk/ACS_001/P000018_82002-82201/WEB/82002-82201_0007.jpg,http://dati.acs.beniculturali.it/media/bm/wtmk/ACS_001/P000018_82002-82201/WEB/82002-82201_0008.jpg,NULL,NULL,NULL,NULL,NULL
aziendale,Nocera Inferiore,Borgo,NULL,84014,SA,Campania,75711,FRATELLI SCHIAVO DI GENNARO S.R.L.,1946/09/26,1947/09/25,Napoli,La Tripolina,Agro alimentare,NULL,Contemporaneo,"Il marchio presenta a sinistra una donna e, a destra, un gruppo di pomodori",NULL,NULL,"R. Vitolo, M. Stanzione (eds.), Capitani d'industrua, in Com'eravamo. Un secolo di vita a Nocera Inferiore tra ricordi immagini testimonianze, Nocera Inferiore 2013, pp. 157-158, ISBN 978-88-902535-9-1.",http://dati.acs.beniculturali.it/mm/local/,http://dati.acs.beniculturali.it/media/bm/wtmk/ACS_027/P000385_75601-75800/WEB/75601-75800_0115.jpg,NULL,NULL,NULL,NULL,40.74643850815793,14.641197120402184
aziendale,Nocera Inferiore,Borgo,NULL,84014,SA,Campania,89725,FRATELLI SCHIAVO DI GENNARO S.R.L.,1946/09/26,1949/07/27,Napoli,Schiavo brand,Agro alimentare,NULL,Contemporaneo,"Marchio depositato a colori con diverse raffigurazioni, a  sinistra è presente uno schivo con in mano una cassa di pomodori e dietro di lui è possibile vedere un campo di pomodori. a destra è presente un gruppo di pomodori e la scritta ''super schiavo''",NULL,NULL,"R. Vitolo, M. Stanzione (eds.), Capitani d'industrua, in Com'eravamo. Un secolo di vita a Nocera Inferiore tra ricordi immagini testimonianze, Nocera Inferiore 2013, pp. 157-158, ISBN 978-88-902535-9-1.",http://dati.acs.beniculturali.it/mm/local/,http://dati.acs.beniculturali.it/media/bm/thmb/ACS_003/P000056_89602-89803/WEB/89602-89803_0131.jpg,http://dati.acs.beniculturali.it/media/bm/thmb/ACS_003/P000056_89602-89803/WEB/89602-89803_0132.jpg,NULL,NULL,NULL,40.74643850815793,14.641197120402184
aziendale,Nocera Inferiore,NULL,NULL,84014,SA,Campania,82868,LA FLORIDA (CONSERVE ALIMENTARI) SOC.A R.L.,1946/09/27,1948/11/09,Napoli,La Florida,Agro alimentare,NULL,Contemporaneo,"Marchio depositato a colori. a fondo azzurro, è presente a destra una donna avente in mano un gran numero di pomodori mentre a sinistra un gruppo di pomodori.",NULL,NULL,NULL,http://dati.acs.beniculturali.it/mm/local/,http://dati.acs.beniculturali.it/media/bm/wtmk/ACS_001/P000022_82801-83001/WEB/82801-83001_0074.jpg,http://dati.acs.beniculturali.it/media/bm/wtmk/ACS_001/P000022_82801-83001/WEB/82801-83001_0075.jpg,NULL,NULL,NULL,NULL,NULL
aziendale,Nocera Inferiore,Borgo,NULL,84014,SA,Campania,94361,FRATELLI SCHIAVO DI GENNARO S.R.L.,1947/01/04,1950/02/16,Napoli,Augusto,Agro alimentare,Si,Contemporaneo,"Marchio depositato a colori, il colore prevalente è il rosso. presenta al centro l'imperatore romano augusto. il marchio presenta in diverse lingue la scritta ''pomodori in scatola''",NULL,NULL,"R. Vitolo, M. Stanzione (eds.), Capitani d'industrua, in Com'eravamo. Un secolo di vita a Nocera Inferiore tra ricordi immagini testimonianze, Nocera Inferiore 2013, pp. 157-158, ISBN 978-88-902535-9-1.",http://dati.acs.beniculturali.it/mm/local/,http://dati.acs.beniculturali.it/media/bm/wtmk/ACS_003/P000077_94201-94401/WEB/94201-944010165.jpg,NULL,NULL,NULL,NULL,40.74643850815793,14.641197120402184
aziendale,Nocera Inferiore,Via Napoli,NULL,84014,SA,Campania,81825,INDUSTRIE AROMATICHE DOTT. GUSTAVO MARANCA,1947/02/01,1948/08/18,Roma,GusMar,Chimica,NULL,Contemporaneo,NULL,NULL,Incerto,NULL,http://dati.acs.beniculturali.it/mm/local/,http://dati.acs.beniculturali.it/media/bm/wtmk/ACS_001/P000017_81802-82001/WEB/81802-82001_0030.jpg,NULL,NULL,NULL,NULL,40.7470987632405,14.632356783840807
aziendale,Nocera Inferiore,Via Napoli,NULL,84014,SA,Campania,77422,GUSTAVO MARANCA,1947/02/15,1948/01/12,Roma,Trycotrophine,Chimica,No,Contemporaneo,NULL,NULL,Incerto,NULL,http://dati.acs.beniculturali.it/mm/local/,http://dati.acs.beniculturali.it/media/bm/wtmk/ACS_028/P000394_77401-77601/WEB/77401-77601_0026.jpg,NULL,NULL,NULL,NULL,40.7470987632405,14.632356783840807
aziendale,Nocera Inferiore,Casolla,NULL,84014,SA,Campania,89732,ESPOSITO E BENEVENTO,1947/05/05,1949/07/27,Napoli,Tigre,Agro alimentare,NULL,Contemporaneo,Il marchio è di forma ovale. presenta al centro una tigre la quale è circondata da barattoli di pomodori. tutti i colori sono al naturale.,NULL,Incerto,NULL,http://dati.acs.beniculturali.it/mm/local/,http://dati.acs.beniculturali.it/media/bm/wtmk/ACS_003/P000056_89602-89803/WEB/89602-89803_0139.jpg,NULL,NULL,NULL,NULL,40.74179653670269,14.65038519911988
aziendale,Nocera Inferiore,Liporta,"Via E. Astuti, 52 - Via Napoli",84014,SA,Campania,87654,SALVATORE FORINO E FIGLI,1947/09/22,1949/03/24,Roma,Cheval,Agro alimentare,Si,Contemporaneo,NULL,NULL,Viene indicato il posizionamento dell'azienda dopo il 1950,"R. Vitolo, M. Stanzione (eds.), Capitani d'industrua, in Com'eravamo. Un secolo di vita a Nocera Inferiore tra ricordi immagini testimonianze, Nocera Inferiore 2013, pp. 157-158, ISBN 978-88-902535-9-1.",http://dati.acs.beniculturali.it/mm/local/,http://dati.acs.beniculturali.it/media/bm/wtmk/ACS_002/P000046_87602-87801/WEB/87602-87801_0055.jpg,NULL,NULL,Si,"Supermercato, Pub, Altre aziende, Istituto Alberghiero, Insediamento per civili abitazioni",40.74629526946984,14.63495163616335
aziendale,Nocera Inferiore,Sperandei,Via Dentice D'Accadia,84014,SA,Campania,109511,SARNO E APICELLA,1950/02/10,1952/11/22,NULL,La Sarnesina,Agro alimentare,No,Contemporaneo,"Il marchio è prevalentemente di colore rosso, con inserzioni in color oro. sono presenti tre figure. quella più in risalto è quella centrale, la quale, è un gruppo di pomodori, a sinistra sono presenti degli angeli e a destra  una contadina intenta a coltivare pomodori",http://www.consaritaly.com/it,"L'azienda è ancora esistente, ma sul finire degli anni '90 è stata delocalizzata nocera superiore. in geolocalizzazione viene indicato il vecchio posizionamento","R. Vitolo, M. Stanzione (eds.), Capitani d'industrua, in Com'eravamo. Un secolo di vita a Nocera Inferiore tra ricordi immagini testimonianze, Nocera Inferiore 2013, pp. 157-158, ISBN 978-88-902535-9-1.",http://dati.acs.beniculturali.it/mm/local/,http://dati.acs.beniculturali.it/media/bm/wtmk/ACS_006/P000153_109402-109600/WEB/109402-109600_0120.jpg,NULL,NULL,Si,Abbattuta per costruire civili abitazioni,40.74556339615427,14.638880389915611
aziendale,Nocera Inferiore,Rione Calenda,"Via Atzori, 16",84014,SA,Campania,111923,GAETANO BUSCETTO,1952/09/16,1953/05/29,Roma,NULL,Metalmeccanico,No,Contemporaneo,Un triangolo formato dalle lettere ''gb'',NULL,NULL,NULL,http://dati.acs.beniculturali.it/mm/local/,http://dati.acs.beniculturali.it/media/bm/wtmk/ACS_007/P000165_111802-112001/WEB/111802-112001_0126.jpg,NULL,NULL,No,NULL,40.74104439221237,14.645188586129402
aziendale,Nocera Inferiore,Merichi,NULL,84014,SA,Campania,115687,SOCIETA' GABRIELE GAMBARDELLA E FIGLI,1953/05/30,1954/02/15,Roma,La Romanella,Agro alimentare,Si,Contemporaneo,NULL,NULL,NULL,"R. Vitolo, M. Stanzione (eds.), Capitani d'industrua, in Com'eravamo. Un secolo di vita a Nocera Inferiore tra ricordi immagini testimonianze, Nocera Inferiore 2013, pp. 157-158, ISBN 978-88-902535-9-1.",http://dati.acs.beniculturali.it/mm/local/,http://dati.acs.beniculturali.it/media/bm/wtmk/ACS_007/P000184_115602-115800/WEB/115602-115800_0095.jpg,http://dati.acs.beniculturali.it/media/bm/wtmk/ACS_007/P000184_115602-115800/WEB/115602-115800_0095.jpg,NULL,Si,Parcellizzata e trasformata in altre aziende,40.748607534830775,14.635621313855124
aziendale,Nocera Inferiore,NULL,NULL,84014,SA,Campania,118738,S.I.C.A. SOC.R.L. SOCIETA' INDUSTRIA CONSERVE ALIMENTARI,1953/10/13,1954/07/20,Roma,Eva,Agro alimentare,No,Contemporaneo,Il marchio è depositato in bianco e nero e presenta eva che viene tentata dal serpente con un gruppo di pomodori al posto della mela e ella si trova in un campo di pomodori.,NULL,NULL,NULL,http://dati.acs.beniculturali.it/mm/local/,http://dati.acs.beniculturali.it/media/bm/wtmk/ACS_008/P000199_118602-118800/WEB/118602-118800_0144.jpg,NULL,NULL,NULL,NULL,NULL,NULL
aziendale,Nocera Inferiore,Merichi,NULL,84014,SA,Campania,124918,FRANCESCO SPINELLI,1955/02/10,1955/08/27,Roma,Moretto,Agro alimentare,No,Contemporaneo,NULL,NULL,NULL,"R. Vitolo, M. Stanzione (eds.), Capitani d'industrua, in Com'eravamo. Un secolo di vita a Nocera Inferiore tra ricordi immagini testimonianze, Nocera Inferiore 2013, pp. 157-158, ISBN 978-88-902535-9-1.",http://dati.acs.beniculturali.it/mm/local/,http://dati.acs.beniculturali.it/media/bm/wtmk/ACS_009/P000230_124801-125000/WEB/124801-125000_0133.jpg,NULL,NULL,Si,Parcellizzata e trasformata in altre aziende,40.74942926001023,14.635014751741195
aziendale,Nocera Inferiore,Corso Vittorio Emanuele / Via Atzori,NULL,84014,SA,Campania,126539,LUDOVICO FERRARA,1955/06/24,1956/01/25,Salerno,Pentagelo,Dolciario,No,Contemporaneo,Il marchio presenta un bambino con due gelati in mano e sovrastante la scritta ''pentangelo'',NULL,NULL,NULL,http://dati.acs.beniculturali.it/mm/local/,http://dati.acs.beniculturali.it/media/bm/wtmk/ACS_009/P000238_126401-126600/WEB/126401-126600_0146.jpg,http://dati.acs.beniculturali.it/media/bm/thmb/ACS_009/P000238_126401-126600/WEB/126401-126600_0147.jpg,NULL,NULL,NULL,NULL,NULL
aziendale,Nocera Inferiore,NULL,NULL,84014,SA,Campania,128495,S.I.C.A. SOC.R.L. SOCIETA' INDUSTRIA CONSERVE ALIMENTARI,1955/07/30,1956/07/05,Roma,Eva,Agro alimentare,No,Contemporaneo,NULL,NULL,NULL,NULL,http://dati.acs.beniculturali.it/mm/local/,http://dati.acs.beniculturali.it/media/bm/thmb/ACS_009/P000248_128401-128601/WEB/128401-128601_0105.jpg,http://dati.acs.beniculturali.it/media/bm/thmb/ACS_009/P000248_128401-128601/WEB/128401-128601_0106.jpg,NULL,NULL,NULL,NULL,NULL
aziendale,Nocera Inferiore,Liporta,"Via E. Astuti, 52 - Via Napoli",84014,SA,Campania,126817,FORINO S.P.A.,1956/03/03,1956/04/27,Milano,Forino,Agro alimentare,Si,Contemporaneo,NULL,NULL,Viene indicato il posizionamento dell'azienda dopo il 1950,"R. Vitolo, M. Stanzione (eds.), Capitani d'industrua, in Com'eravamo. Un secolo di vita a Nocera Inferiore tra ricordi immagini testimonianze, Nocera Inferiore 2013, pp. 157-158, ISBN 978-88-902535-9-1.",http://dati.acs.beniculturali.it/mm/local/,http://dati.acs.beniculturali.it/media/bm/wtmk/ACS_009/P000245_127801-128001/WEB/127801-128000_0021.jpg,NULL,NULL,Si,"Supermercato, Pub, Altre aziende, Istituto Alberghiero, Insediamento per civili abitazioni",40.74629526946984,14.63495163616335
aziendale,Nocera Inferiore,Ferrovia,"Via Federici, 51",84014,SA,Campania,131112,RAFFAELE D'AGOSTO,1956/05/03,1957/01/16,Roma,Aquila,Agro alimentare,Si,Contemporaneo,"Il marchio è stato depositato a colori, è di sfondo blu scuro e presenta al centro una aquila che assale un globo terrestre e attorno , nello spazio, sono presenti dei pomodori il tutto sovrastante alla scritta ''super d'agosto''",NULL,NULL,"R. Vitolo, M. Stanzione (eds.), Capitani d'industrua, in Com'eravamo. Un secolo di vita a Nocera Inferiore tra ricordi immagini testimonianze, Nocera Inferiore 2013, pp. 157-158, ISBN 978-88-902535-9-1.",http://dati.acs.beniculturali.it/mm/local/,http://dati.acs.beniculturali.it/media/bm/wtmk/ACS_010/P000261_131001-131200/WEB/131001-131200_0122.jpg,http://dati.acs.beniculturali.it/media/bm/thmb/ACS_010/P000261_131001-131200/WEB/131001-131200_0123.jpg,NULL,NULL,NULL,40.74418354779482,14.635982512263581
aziendale,Nocera Inferiore,NULL,NULL,84014,SA,Campania,128495,S.I.C.A. SOC.R.L. SOCIETA' INDUSTRIA CONSERVE ALIMENTARI,1956/07/07,1957/07/22,Roma,Sole d'Italia,Agro alimentare,Si,Contemporaneo,"Il marchio è stato depositato a colo, presenta una donna con un grande sorriso vestita elegante.",NULL,NULL,NULL,http://dati.acs.beniculturali.it/mm/local/,http://dati.acs.beniculturali.it/media/bm/wtmk/ACS_010/P000271_133001-133200/WEB/133001-133200_0023.jpg,http://dati.acs.beniculturali.it/media/bm/wtmk/ACS_010/P000271_133001-133200/WEB/133001-133200_0024.jpg,NULL,NULL,NULL,NULL,NULL
aziendale,Nocera Inferiore,Liporta,"Via E. Astuti, 52 - Via Napoli",84014,SA,Campania,127817,FORINO S.P.A.,1957/07/31,1958/06/18,Milano,Luciana,Agro alimentare,Si,Contemporaneo,Il marchio è un disegno stilizzato di un cavallo che salta sopra al vesuvio e sotto di esse è presente la scritta ''forino'',NULL,Viene indicato il posizionamento dell'azienda dopo il 1950,"R. Vitolo, M. Stanzione (eds.), Capitani d'industrua, in Com'eravamo. Un secolo di vita a Nocera Inferiore tra ricordi immagini testimonianze, Nocera Inferiore 2013, pp. 157-158, ISBN 978-88-902535-9-1.",http://dati.acs.beniculturali.it/mm/local/,http://dati.acs.beniculturali.it/media/bm/wtmk/ACS_011/P000296_138001-138201/WEB/138001-138201_0210.jpg,NULL,NULL,Si,"Supermercato, Pub, Altre aziende, Istituto Alberghiero, Insediamento per civili abitazioni",40.74629526946984,14.63495163616335
aziendale,Nocera Inferiore,NULL,NULL,84014,SA,Campania,140084,ALFONSO ESPOSITO,1957/12/21,1958/12/02,Roma,La Gustosa,Agro alimentare,No,Contemporaneo,NULL,NULL,NULL,NULL,http://dati.acs.beniculturali.it/mm/local/,NULL,NULL,NULL,NULL,NULL,NULL,NULL
aziendale,Nocera Inferiore,Merichi,NULL,84014,SA,Campania,142804,GABRIELE GAMBARDELLA E FIGLI,1958/05/09,1959/04/10,Roma,Pine,Agro alimentare,Si,Contemporaneo,Il marchio è stato depositato a colori è presente un pineto e sopra un pomodoro.,NULL,NULL,"R. Vitolo, M. Stanzione (eds.), Capitani d'industrua, in Com'eravamo. Un secolo di vita a Nocera Inferiore tra ricordi immagini testimonianze, Nocera Inferiore 2013, pp. 157-158, ISBN 978-88-902535-9-1.",http://dati.acs.beniculturali.it/mm/local/,http://dati.acs.beniculturali.it/media/bm/wtmk/ACS_012/P000320_142801-143001/WEB/142801-143001_0007.jpg,NULL,NULL,Si,Parcellizzata e trasformata in altre aziende,40.748607534830775,14.635621313855124
aziendale,Nocera Inferiore,Casolla,"Via Michele Pironti, 5",84014,SA,Campania,147585,ANTONIO GALANO - INDUSTRIA CONSERVE ALIMENTARI,1959/02/28,1960/02/22,Salerno,Diga,Agro alimentare,Si,Contemporaneo,Il marchio è stato depositato a colori e presenta un gruppo di pomodori al colore naturale,NULL,NULL,"R. Vitolo, M. Stanzione (eds.), Capitani d'industrua, in Com'eravamo. Un secolo di vita a Nocera Inferiore tra ricordi immagini testimonianze, Nocera Inferiore 2013, pp. 157-158, ISBN 978-88-902535-9-1.",http://dati.acs.beniculturali.it/mm/local/,http://dati.acs.beniculturali.it/media/bm/wtmk/ACS_013/P003014_147401-147600/WEB/147401-147600_0009.jpg,http://dati.acs.beniculturali.it/media/bm/wtmk/ACS_013/P003014_147401-147600/WEB/147401-147600_0010.jpg,NULL,Si,Parcellizzata e trasformata in altre aziende,40.74174493584032,14.651784507662727
aziendale,Nocera Inferiore,Casolla,"Via Michele Pironti, 5",84014,SA,Campania,147406,ANTONIO GALANO - INDUSTRIA CONSERVE ALIMENTARI,1959/02/28,1960/02/18,Salerno,Diga,Agro alimentare,Si,Contemporaneo,"Il marchio è stato depositato a colori al centro è presente la scritta ''diga, conserve alimentari'' a sinistra è presente il disegno di una vera diga e a destra un gruppo di pomodori",NULL,NULL,"R. Vitolo, M. Stanzione (eds.), Capitani d'industrua, in Com'eravamo. Un secolo di vita a Nocera Inferiore tra ricordi immagini testimonianze, Nocera Inferiore 2013, pp. 157-158, ISBN 978-88-902535-9-1.",http://dati.acs.beniculturali.it/mm/local/,http://dati.acs.beniculturali.it/media/bm/wtmk/ACS_013/P003014_147401-147600/WEB/147401-147600_0204.jpg,NULL,NULL,Si,Parcellizzata e trasformata in altre aziende,40.74174493584032,14.651784507662727
aziendale,Nocera Inferiore,Corso Vittorio Emanuele / Via Atzori,NULL,84014,SA,Campania,152312,CARMINE DELLO IOIO,1959/04/10,1960/11/24,Salerno,Il bersagliere,Dolciario,No,Contemporaneo,Il marchio non è a colori ed ha la forma di un gelato.,NULL,Nasce dalla trasformazione della pentagelo. esistente,NULL,http://dati.acs.beniculturali.it/mm/local/,http://dati.acs.beniculturali.it/media/bm/wtmk/ACS_014/P003038_152201-152400/WEB/152201-152400_0123.jpg,NULL,NULL,No,NULL,40.76707049156539,14.657384476158768
aziendale,Nocera Inferiore,Corso Vittorio Emanuele / Via Atzori,NULL,84014,SA,Campania,149826,CARMINE DELLO IOIO,1959/06/01,1960/06/23,Salerno,NULL,Dolciario,No,Contemporaneo,NULL,NULL,Nasce dalla trasformazione della pentagelo. esistente,NULL,http://dati.acs.beniculturali.it/mm/local/,http://dati.acs.beniculturali.it/media/bm/wtmk/ACS_013/P003026_149801-150000/WEB/149801-150000_0029.jpg,http://dati.acs.beniculturali.it/media/bm/wtmk/ACS_013/P003026_149801-150000/WEB/149801-150000_0030.jpg,NULL,No,NULL,40.76707049156539,14.657384476158768
aziendale,Nocera Inferiore,Casolla,NULL,84014,SA,Campania,151771,ESPOSITO E BENEVENTO,1959/07/16,1960/11/09,Roma,Tigre,Agro alimentare,No,Contemporaneo,NULL,NULL,NULL,"R. Vitolo, M. Stanzione (eds.), Capitani d'industrua, in Com'eravamo. Un secolo di vita a Nocera Inferiore tra ricordi immagini testimonianze, Nocera Inferiore 2013, pp. 157-158, ISBN 978-88-902535-9-1.",http://dati.acs.beniculturali.it/mm/local/,http://dati.acs.beniculturali.it/media/bm/wtmk/ACS_014/P003035_151601-151800/WEB/151601-151800_0184.jpg,NULL,NULL,NULL,NULL,NULL,NULL
aziendale,Nocera Inferiore,Corso Vittorio Emanuele / Sant'Angelo In Grotta,"Via Atzori, 174",84014,SA,Campania,154313,S.P.A. GABOLA - PASTE ALIMENTARI DI LUSSO,1959/11/26,1961/03/31,Salerno,NULL,Mulini e pastifici,No,Contemporaneo,NULL,NULL,NULL,NULL,http://dati.acs.beniculturali.it/mm/local/,http://dati.acs.beniculturali.it/media/bm/wtmk/ACS_014/P003048_154201-154400/WEB/154201-154400_0117.jpg,http://dati.acs.beniculturali.it/media/bm/thmb/ACS_014/P003048_154201-154400/WEB/154201-154400_0118.jpg,NULL,Si,Trasformata in scuola,NULL,NULL
aziendale,Nocera Inferiore,NULL,NULL,84014,SA,Campania,159284,RICCARDO FORINO,1960/04/14,1962/05/21,Roma,La Pompeiana,Agro alimentare,Si,Contemporaneo,Una donna pompeiana con abiti tradizionali e una giara in mano.,http://www.forinomediazione.com/,NULL,"R. Vitolo, M. Stanzione (eds.), Capitani d'industrua, in Com'eravamo. Un secolo di vita a Nocera Inferiore tra ricordi immagini testimonianze, Nocera Inferiore 2013, pp. 157-158, ISBN 978-88-902535-9-1.",http://dati.acs.beniculturali.it/mm/local/,http://dati.acs.beniculturali.it/media/bm/wtmk/ACS_015/P003073_159202-159401/WEB/159202-159401_0092.jpg,NULL,NULL,NULL,NULL,NULL,NULL
aziendale,Nocera Inferiore,Casolla,NULL,84014,SA,Campania,160478,LA CONSERVIERA MERIDIONALE S.P.A.,1960/05/31,1962/10/27,Roma,Ominira,Agro alimentare,Si,Contemporaneo,NULL,NULL,NULL,"R. Vitolo, M. Stanzione (eds.), Capitani d'industrua, in Com'eravamo. Un secolo di vita a Nocera Inferiore tra ricordi immagini testimonianze, Nocera Inferiore 2013, pp. 157-158, ISBN 978-88-902535-9-1.",http://dati.acs.beniculturali.it/mm/local/,http://dati.acs.beniculturali.it/media/bm/wtmk/ACS_015/P003079_160401-160600/WEB/160401-160600_0083.jpg,NULL,NULL,NULL,NULL,NULL,NULL
aziendale,Nocera Inferiore,Merichi,NULL,84014,SA,Campania,161872,GABRIELE GAMBARDELLA E FIGLI,1960/07/09,1963/07/13,Roma,La Romanella,Agro alimentare,Si,Contemporaneo,NULL,NULL,NULL,"R. Vitolo, M. Stanzione (eds.), Capitani d'industrua, in Com'eravamo. Un secolo di vita a Nocera Inferiore tra ricordi immagini testimonianze, Nocera Inferiore 2013, pp. 157-158, ISBN 978-88-902535-9-1.",http://dati.acs.beniculturali.it/mm/local/,http://dati.acs.beniculturali.it/media/bm/thmb/ACS_015/P003091_161801-161900/WEB/161801-161900_0081.jpg,http://dati.acs.beniculturali.it/media/bm/thmb/ACS_015/P003091_161801-161900/WEB/161801-161900_0082.jpg,NULL,Si,Parcellizzata e trasformata in altre aziende,40.748607534830775,14.635621313855124
aziendale,Nocera Inferiore,NULL,NULL,84014,SA,Campania,168243,GIUSEPPE CELENTANO SOCIETA' DI FATTO,1960/07/27,1965/02/18,Salerno,La Migliore,Agro alimentare,Si,Contemporaneo,Marchio depositato a colori e presenta uno sfondo nero. al centro è presente al sole e ai suoi estremi sono presenti due gruppi di pomodori.,NULL,Incerto,NULL,http://dati.acs.beniculturali.it/mm/local/,http://dati.acs.beniculturali.it/media/bm/wtmk/ACS_017/P003155_168201-168300/WEB/168201-168300_0089.jpg,NULL,NULL,Si,Parcellizzata e trasformata in altre aziende,40.74155731941573,14.632442614529282
aziendale,Nocera Inferiore,Cicalesi,Via Cicalesi,84014,SA,Campania,168328,MEMOLI SOC. IN NOME COLLETTIVO,1960/10/05,1965/02/27,Napoli,Guagliò,Agro alimentare,No,Contemporaneo,I marchi sono due un ragazzino che sorride e un gruppo di pomodori.,NULL,Si conserva parte della ciminiera,"R. Vitolo, M. Stanzione (eds.), Capitani d'industrua, in Com'eravamo. Un secolo di vita a Nocera Inferiore tra ricordi immagini testimonianze, Nocera Inferiore 2013, pp. 157-158, ISBN 978-88-902535-9-1.",http://dati.acs.beniculturali.it/mm/local/,http://dati.acs.beniculturali.it/media/bm/wtmk/ACS_017/P003156_168301-168400/WEB/168301-168400_0058.jpg,NULL,NULL,Si,Abbattuta per la costruzione di civili abitazioni,40.75113725848496,14.634358882613014
aziendale,Nocera Inferiore,Merichi,NULL,84014,SA,Campania,169962,FRANCESCO SPINELLI,1961/06/16,1965/05/31,Roma,Spinelli,Agro alimentare,No,Contemporaneo,Il marchio è depositato a colori e presenta sullo sfondo i colori rosso e giallo la scritta '' spinelli'',NULL,NULL,"R. Vitolo, M. Stanzione (eds.), Capitani d'industrua, in Com'eravamo. Un secolo di vita a Nocera Inferiore tra ricordi immagini testimonianze, Nocera Inferiore 2013, pp. 157-158, ISBN 978-88-902535-9-1.",http://dati.acs.beniculturali.it/mm/local/,http://dati.acs.beniculturali.it/media/bm/wtmk/ACS_017/P003172_169901-170000/WEB/169901-170000_0083.jpg,NULL,NULL,Si,Parcellizzata e trasformata in altre aziende,40.74942926001023,14.635014751741195
