Città,Località,Via,N. Registro generale,Nome azienda,Data deposito,Data registrazione marchio,Luogo di Deposito,Nome marchio,Settore produzione,Importazione Si/No,Itinerario (periodo),Descrizione del marchio,Sito azienda,Note,geolocalizzazione,Bibliografia,Sitografia,URL immagine,URL immagine 2,Tipologia edificio,Rifunzionalizzato Si/No,Tipo di rifunzionalizzazione
Nocera Inferiore,,,4532,COMPAGNIA VESUVIANA PRODOTTI CONSERVATI,1899/11/09,1900/03/29,Milano,La Paysanne,Agro alimentare,Si,Contemporaneo,"Una zona circolare con fregi portanti sulla parte inferiore le parole ""Vesuvio Brand"" e nella superiore una corona fantastica:nello spazio rimanente della zona sono disposte sei coroncine separate da altrettante stellette. Il campo centrale contiene la veduta del Vesuvio in eruzione.",,Non disponiamo di informazioni riguardanti questa azienda.  Potrebbe essere  che il brand fosse utilizzato per  soli scopi commerciali utilizzando prodotti trasformati da aziende terze.,,,http://dati.acs.beniculturali.it/mm/local/,http://dati.acs.beniculturali.it/media/bm/thmb/ACS_029/P004059_6101-6200/WEB/6101-6200_0052.jpg,http://dati.acs.beniculturali.it/media/bm/wtmk/ACS_033A/P005019_58-59-60/WEB/Vol_58-59-60_0080.jpg,,Non verificabile,
Nocera Inferiore,,,6158,COMPAGNIA VESUVIANA PRODOTTI CONSERVATI,1904/01/31,1904/05/17,Milano,La Paysanne,Agro alimentare,Si,Contemporaneo,"Etichetta rettangolare portante a sinistra, sopra un gruppo di medaglie un fondo circolare nel quale campeggia la veduta del Vesuvio;lo sfondo è sormontato una corona con la parola Marca Registrata e porta lungo l'orlo inferiore la scritta Vesuvio Brand. A destra, sopra una tamburella contornata da pomidoro con foglie, leggesi ""Estratto Concentrato di Pomidoro-Purèe Concentrèe de Tomates"";segna la figura di una contadina in costume napoletano ridente con un cesto di pomidoro e verso destra la veduta del golfo di Napoli con il Vesuvio,il mare e due barche a vela. in alto leggesi tra due virgolette ""LA PAYSANNE"" ed infondo a destra  ""Compagnia Vesuviana Prodotti Conservati Milano-Salerno-Nocera Inferiore",,Non disponiamo di informazioni riguardanti questa azienda.  Potrebbe essere  che il brand fosse utilizzato per  soli scopi commerciali utilizzando prodotti trasformati da aziende terze.,,,http://dati.acs.beniculturali.it/mm/local/,http://dati.acs.beniculturali.it/media/bm/wtmk/ACS_029/P004059_6101-6200/WEB/6101-6200_0052.jpg,http://dati.acs.beniculturali.it/media/bm/wtmk/ACS_033A/P005019_58-59-60/WEB/Vol_58-59-60_0080.jpg,,Non verificabile,
Nocera Inferiore,Piedimonte,,6710,DITTA ANDREANI SPERA & C.,1905/02/11,1905/04/29,Napoli,Non inserito,Agro alimentare,No,Contemporaneo,"Etichetta rettangolare a fondo bleu portante a sinistra un'ancora sormontata dalle parole ""Marca di fabbrica"", un gruppo di medaglie, ed un tamburello a fondo giallo, ornato di rami  di pomidoro, sul quale leggesi ""Specialità Estratto di pomidoro-Chiusura della scatola senza stagna- Lavorazione a macchina- Presso il tamburello vedesi una contadina che porta un cesto di pomidori, ed a destra dell'etichetta una marina con vele e veduta del Vesuvio, oltre la scritta ""Andreani Spera & C. Nocera Inferiore (Napoli).",,,"40.75240767002924,14.647127084417662",,http://dati.acs.beniculturali.it/mm/local/,http://dati.acs.beniculturali.it/media/bm/thmb/ACS_029/P004065_6701-6800/WEB/6701-6800_0013.jpg,http://dati.acs.beniculturali.it/media/bm/wtmk/ACS_033A/P005020_61-62-63/WEB/Vol_61-62-63_0268.jpg,,Non verificabile,
Nocera Inferiore,"Mercato, Arenula","via G. B. Castaldo, 51",31970,SOC. AN. NOCERINA CONSERVE ALIMENTARI,1925/10/01,1926/04/14,Roma,Pantera,Agro alimentare,Si,Contemporaneo,Presenta sulla destra un bollo con raffigurata una pantera e sovrastata dalla scritta S.A.N.C.A. Centralmente si vedono un gruppo di pomodori e sulla sinistra l'acronimo dell'azienda. Da notare inoltre la presenza di parole in lingua inglese funzionali ai prodotti da esportazione.,,,"{""type"":""FeatureCollection"",""features"":[{""type"":""Feature"",""geometry"":{""type"":""Polygon"",""coordinates"":[[[14.645379927001159,40.74643331766538],[14.64546843989865,40.74675786495618],[14.64686587079541,40.746886610988895],[14.646903421721618,40.746733725075046],[14.647109951815764,40.74672031402997],[14.647088494143645,40.74650037289075],[14.647018756709258,40.746393084530155],[14.646476950488251,40.746503055099765],[14.646415259680907,40.74624019861631],[14.645379927001159,40.74643331766538]]]},""properties"":null},{""type"":""Feature"",""geometry"":{""type"":""Polygon"",""coordinates"":[[[14.646415259680907,40.74624019861631],[14.646415259680907,40.74624019861631],[14.646417941889922,40.74624019861631],[14.646415259680907,40.74624019861631]]]},""properties"":null},{""type"":""Feature"",""geometry"":{""type"":""Polygon"",""coordinates"":[[[14.646417941889922,40.74624019861631],[14.646417941889922,40.74624019861631],[14.646417941889922,40.74624019861631],[14.646417941889922,40.74624019861631]]]},""properties"":null},{""type"":""Feature"",""geometry"":{""type"":""Polygon"",""coordinates"":[[[14.646417941889922,40.74625092745237],[14.646417941889922,40.74625092745237],[14.646417941889922,40.74625092745237],[14.646417941889922,40.74625092745237]]]},""properties"":null},{""type"":""Feature"",""geometry"":{""type"":""Polygon"",""coordinates"":[[[14.646409895262877,40.74625360966139],[14.646415259680907,40.74624556303434],[14.646415259680907,40.74624556303434],[14.646409895262877,40.74625360966139]]]},""properties"":null}]}","R. Vitolo, M. Stanzione (eds.), Capitani d'industrua, in Com'eravamo. Un secolo di vita a Nocera Inferiore tra ricordi immagini testimonianze, Nocera Inferiore 2013, pp. 157-158, ISBN 978-88-902535-9-1.",http://dati.acs.beniculturali.it/mm/local/,http://dati.acs.beniculturali.it/media/bm/wtmk/ACS_018/P002014_291-292-293/WEB/291-292-293_0241.jpg,,,Si,Supermercato
Nocera Inferiore,Liporta,"via E. Astuti, 52 - Via Napoli",38783,DITTA SALVATORE FORINO & FIGLI,1929/07/05,1930/03/04,Roma,Cheval,Agro alimentare,Si,Contemporaneo,Presenta un cavallo sulla sinistra e sullo sfondo il monte Vesuvio. Il testo dell'etichetta è scritto in lingua francese.,,Viene indicato il posizionamento dell'azienda dopo il 1950,"{""type"":""FeatureCollection"",""features"":[{""type"":""Feature"",""geometry"":{""type"":""Polygon"",""coordinates"":[[[14.636704020185789,40.74642097950801],[14.636725477857908,40.74599182606563],[14.636012010259947,40.74559485913142],[14.635405831022581,40.74563777447566],[14.633152775450071,40.74609911442622],[14.633243970556578,40.74686622620448],[14.635706238432249,40.74687159062251],[14.6359315439895,40.74661409855708],[14.636124663038572,40.74659264088496],[14.636462621374449,40.746565818794814],[14.636569909735044,40.74647462368831],[14.636704020185789,40.74642097950801]]]},""properties"":null},{""type"":""Feature"",""geometry"":{""type"":""Polygon"",""coordinates"":[[[14.636591367407163,40.74645853043422],[14.636591367407163,40.74645853043422],[14.636575274153074,40.74647462368831],[14.636591367407163,40.74645853043422]]]},""properties"":null}]}","R. Vitolo, M. Stanzione (eds.), Capitani d'industrua, in Com'eravamo. Un secolo di vita a Nocera Inferiore tra ricordi immagini testimonianze, Nocera Inferiore 2013, pp. 157-158, ISBN 978-88-902535-9-1.",http://dati.acs.beniculturali.it/mm/local/,http://dati.acs.beniculturali.it/media/bm/wtmk/ACS_019/P002042_38701-38900/WEB/38701-38900_0088.jpg,,,Si,"Supermercato, Pub, Altre aziende, Istituto Alberghiero, Insediamento per civili abitazioni"
Nocera Inferiore,Merichi,,40433,DITTA GABRIELE GAMBARDELLA & FIGLI,1929/08/14,1931/01/26,Roma,La Romanella,Agro alimentare,Si,Contemporaneo,Etichetta scritta in lingua inglese. Al centro è presente una contadina a busto intero e ad  ambo i lati sono presenti due gruppi di pomidori,,,"{""type"":""FeatureCollection"",""features"":[{""type"":""Feature"",""geometry"":{""type"":""Polygon"",""coordinates"":[[[14.636934995069169,40.749348644167185],[14.636248349561356,40.74926281347871],[14.634601473226212,40.749085787683725],[14.633855819120072,40.74901068583131],[14.633979200734757,40.74819529429079],[14.634950160398148,40.748275760561235],[14.635062813176773,40.74785733595491],[14.636049866094254,40.74791098013521],[14.637176393880509,40.74819529429079],[14.636934995069169,40.749348644167185]]]},""properties"":null},{""type"":""Feature"",""geometry"":{""type"":""Polygon"",""coordinates"":[[[14.63716566504445,40.74822211638094],[14.637171029462479,40.74822211638094],[14.637171029462479,40.74822211638094],[14.63716566504445,40.74822211638094]]]},""properties"":null}]}","R. Vitolo, M. Stanzione (eds.), Capitani d'industrua, in Com'eravamo. Un secolo di vita a Nocera Inferiore tra ricordi immagini testimonianze, Nocera Inferiore 2013, pp. 157-158, ISBN 978-88-902535-9-1.",http://dati.acs.beniculturali.it/mm/local/,http://dati.acs.beniculturali.it/media/bm/wtmk/ACS_020/P002050_40301-40500/WEB/40301-40500_0139.jpg,,,Si,Attività produttive
Nocera Inferiore,,,43184,DITTA BENEDETTO CELENTANO,1930/11/15,1932/06/26,Roma,La bella nocerina,Agro alimentare,No,Contemporaneo,"Etichetta scritta in italiano, all'estremo sinistro presenta una contadina in una cornice dove campeggia la scritta ""LA BELLA NOCERINA"". All'estremo sinistro è presente, invece, un gruppo di pomidori.",,,"40.74159861076623,14.632279146462679",,http://dati.acs.beniculturali.it/mm/local/,http://dati.acs.beniculturali.it/media/bm/wtmk/ACS_020/P002064_43101-43300/WEB/43101-43300_0090.jpg,,,,
Nocera Inferiore,Corso Vittorio Emanuele/Sant'Angelo in Grotta,"via Atzori, 174",43961,DITTA ISAIA GABOLA,1931/04/13,1932/10/20,Napoli,Non inserito,Mulini e pastifici,Si,Contemporaneo,"Marchio con una grande scritta in rosso che recita ""PASTIFICIO ISAIA GABOLA"". In alto presenta un gallo formato da varie tipologia di pasta",,,"{""type"":""FeatureCollection"",""features"":[{""type"":""Feature"",""geometry"":{""type"":""Polygon"",""coordinates"":[[[14.634408049269041,40.74167883396967],[14.634542159719786,40.74167883396967],[14.634772829695066,40.74165201187952],[14.634783558531126,40.74180758000239],[14.634799651785215,40.74201142788752],[14.634719185514768,40.742628335960944],[14.63468163458856,40.74298775196894],[14.634456329031309,40.74296629429682],[14.634408049269041,40.74167883396967]]]},""properties"":null}]}","R. Vitolo, M. Stanzione (eds.), Capitani d'industrua, in Com'eravamo. Un secolo di vita a Nocera Inferiore tra ricordi immagini testimonianze, Nocera Inferiore 2013, pp. 157-158, ISBN 978-88-902535-9-1.",http://dati.acs.beniculturali.it/mm/local/,http://dati.acs.beniculturali.it/media/bm/thmb/ACS_020/P002068_43901-44100/WEB/43901-44100_0073.jpg,http://dati.acs.beniculturali.it/media/bm/thmb/ACS_020/P002068_43901-44100/WEB/43901-44100_0074.jpg,,Si,Istituto Tecnico Industriale Marconi
Nocera Inferiore,Via Napoli,,44604,INDUSTRIE AROMATICHE DOTT. GUSTAVO MARANCA,1931/10/29,1933/02/28,Napoli,Dottor GusMar,Chimica,No,Contemporaneo,"Marchio ovale con scritta al suo interno ""DOTTOR GUSMAR""",,Incerto,"40.7470987632405,14.632356783840807",,http://dati.acs.beniculturali.it/mm/local/,http://dati.acs.beniculturali.it/media/bm/wtmk/ACS_020/P002071_44501-44700/WEB/44501-44700_0108.jpg,,,,
Nocera Inferiore,,,46056,ENRICO PECORARO,1932/04/08,1933/09/02,Roma,Woffollin Stella,Chimica,Si,Contemporaneo,Marchio non presente.,,,,,http://dati.acs.beniculturali.it/mm/local/,http://dati.acs.beniculturali.it/media/bm/wtmk/ACS_021/P002078_45901-46100/WEB/45901-46100_0283.jpg,http://dati.acs.beniculturali.it/media/bm/wtmk/ACS_021/P002078_45901-46100/WEB/45901-46100_0284.jpg,,,
Nocera Inferiore,Sperandei,,45061,DITTA D'ALESSIO & GAETANO,1932/07/11,1933/04/26,Napoli,La Cristofaro Colombo Brand,Agro alimentare,Si,Contemporaneo,"Il marchio presenta ai due estremi delle cornici rotonde. Sulla sinistra si nota un Cristoforo Colombo rappresentato per intero e dietro di lui più navi ormeggiate. All'estremo destro del marchio sono presenti quattro pomodori. Al centro del marchio è presente la scritta ""D'Alessio e Gaetano""",,,,"R. Vitolo, M. Stanzione (eds.), Capitani d'industrua, in Com'eravamo. Un secolo di vita a Nocera Inferiore tra ricordi immagini testimonianze, Nocera Inferiore 2013, pp. 157-158, ISBN 978-88-902535-9-1.",http://dati.acs.beniculturali.it/mm/local/,http://dati.acs.beniculturali.it/media/bm/wtmk/ACS_021/P002073_44901-45100/WEB/44901-45100_0178.jpg,,,,
Nocera Inferiore,Merichi,,48298,FRANCESCO SPINELLI,1933/10/02,1934/06/21,Napoli,Moretto,Agro alimentare,Si,Contemporaneo,"All'estremo sinistro il marchio presenta un uomo di colore in una cornice rotonda, all'estremo destro ci sono un gruppo di pomidori, il marchio è di colore blu scuro.",,,"{""type"":""FeatureCollection"",""features"":[{""type"":""Feature"",""geometry"":{""type"":""Polygon"",""coordinates"":[[[14.636946043465286,40.74935181881302],[14.63661881396547,40.74984534527176],[14.636511525604874,40.749904353870086],[14.636396190617234,40.749931175960235],[14.633770307991654,40.749475200427696],[14.632893225643784,40.74938936973922],[14.632866403553635,40.74904604698531],[14.633834681008011,40.74909432674758],[14.63386150309816,40.7490433647763],[14.634435495827347,40.74908628012054],[14.6344810933806,40.74908896232955],[14.6344810933806,40.749123831046745],[14.635457417462021,40.749217708362266],[14.636946043465286,40.74935181881302]]]},""properties"":null}]}","R. Vitolo, M. Stanzione (eds.), Capitani d'industrua, in Com'eravamo. Un secolo di vita a Nocera Inferiore tra ricordi immagini testimonianze, Nocera Inferiore 2013, pp. 157-158, ISBN 978-88-902535-9-1.",http://dati.acs.beniculturali.it/mm/local/,http://dati.acs.beniculturali.it/media/bm/wtmk/ACS_022/P002089_48101-48300/WEB/48101-48300_0227.jpg,,,,
Nocera Inferiore,Sperandei,,48560,DITTA D'ALESSIO E GAETANO,1933/11/09,1934/07/15,Napoli,Sole d'Italia,Agro alimentare,No,Contemporaneo,"Marchio a sfondo giallo con caratteri blu, presenta due disegni diversi ai suoi estremi.A destra troviamo un gruppo di pomidori sovrastanti la scritta ''LABOR OMNIA VINCIT'' a sinistra, invece, si nota un sole sovrastante la scritta precedente. Al centro è presente la scritta ''D'alessio&Gaetano''.",,,,"R. Vitolo, M. Stanzione (eds.), Capitani d'industrua, in Com'eravamo. Un secolo di vita a Nocera Inferiore tra ricordi immagini testimonianze, Nocera Inferiore 2013, pp. 157-158, ISBN 978-88-902535-9-1.",http://dati.acs.beniculturali.it/mm/local/,http://dati.acs.beniculturali.it/media/bm/wtmk/ACS_022/P002091_48501-48700/WEB/48501-48700_0067.jpg,,,,
Nocera Inferiore,Merichi,,48925,DITTA GABRIELE GAMBARDELLA & FIGLI,1934/01/30,1934/09/11,Roma,La Romanella,Agro alimentare,Si,Contemporaneo,"Il marchio è ovale, al suo interno è presente una contadina che ha con se in un cesto una moltitudine di pomidori. Sullo sfondo, inoltre, è presente il Colosseo.",,,"{""type"":""FeatureCollection"",""features"":[{""type"":""Feature"",""geometry"":{""type"":""Polygon"",""coordinates"":[[[14.636934995069169,40.749348644167185],[14.636248349561356,40.74926281347871],[14.634601473226212,40.749085787683725],[14.633855819120072,40.74901068583131],[14.633979200734757,40.74819529429079],[14.634950160398148,40.748275760561235],[14.635062813176773,40.74785733595491],[14.636049866094254,40.74791098013521],[14.637176393880509,40.74819529429079],[14.636934995069169,40.749348644167185]]]},""properties"":null},{""type"":""Feature"",""geometry"":{""type"":""Polygon"",""coordinates"":[[[14.63716566504445,40.74822211638094],[14.637171029462479,40.74822211638094],[14.637171029462479,40.74822211638094],[14.63716566504445,40.74822211638094]]]},""properties"":null}]}","R. Vitolo, M. Stanzione (eds.), Capitani d'industrua, in Com'eravamo. Un secolo di vita a Nocera Inferiore tra ricordi immagini testimonianze, Nocera Inferiore 2013, pp. 157-158, ISBN 978-88-902535-9-1.",http://dati.acs.beniculturali.it/mm/local/,http://dati.acs.beniculturali.it/media/bm/wtmk/ACS_022/P002093_48901-49100/WEB/48901-49100_0030.jpg,,,,
Nocera Inferiore,Liporta,"via E. Astuti, 52 - Via Napoli",49312,DITTA SALVATORE FORINO & FIGLI,1934/03/15,1934/10/22,Roma,Cheval,Agro alimentare,Si,Contemporaneo,"Il marchio presenta a sinistra la figura di un cavallo nero e dietro di esso è presente Napoli, ben distinguibile per via della presenza del Vesuvio. a destra sono raffigurati un gruppo di pomidori e una scritta ''SUPER FORINO''",,Viene indicato il posizionamento dell'azienda dopo il 1950,"{""type"":""FeatureCollection"",""features"":[{""type"":""Feature"",""geometry"":{""type"":""Polygon"",""coordinates"":[[[14.636704020185789,40.74642097950801],[14.636725477857908,40.74599182606563],[14.636012010259947,40.74559485913142],[14.635405831022581,40.74563777447566],[14.633152775450071,40.74609911442622],[14.633243970556578,40.74686622620448],[14.635706238432249,40.74687159062251],[14.6359315439895,40.74661409855708],[14.636124663038572,40.74659264088496],[14.636462621374449,40.746565818794814],[14.636569909735044,40.74647462368831],[14.636704020185789,40.74642097950801]]]},""properties"":null},{""type"":""Feature"",""geometry"":{""type"":""Polygon"",""coordinates"":[[[14.636591367407163,40.74645853043422],[14.636591367407163,40.74645853043422],[14.636575274153074,40.74647462368831],[14.636591367407163,40.74645853043422]]]},""properties"":null}]}","R. Vitolo, M. Stanzione (eds.), Capitani d'industrua, in Com'eravamo. Un secolo di vita a Nocera Inferiore tra ricordi immagini testimonianze, Nocera Inferiore 2013, pp. 157-158, ISBN 978-88-902535-9-1.",http://dati.acs.beniculturali.it/mm/local/,http://dati.acs.beniculturali.it/media/bm/wtmk/ACS_022/P002095_49301-49500/WEB/49301-49500_0015.jpg,http://dati.acs.beniculturali.it/media/bm/thmb/ACS_022/P002095_49301-49500/WEB/49301-49500_0016.jpg,,,"Supermercato, Pub, Altre aziende, Istituto Alberghiero, Insediamento per civili abitazioni"
Nocera Inferiore,Liporta,"via E. Astuti, 52 - Via Napoli",49672,DITTA SALVATORE FORINO E FIGLI,1934/03/15,1934/11/28,Napoli,Luciana,Agro alimentare,Si,Contemporaneo,"Il marchio presenta a sinistra la figura di una contadina gioiosa e a destra un gruppo di pomidori, il marchio è stato depositato a colori.",,Viene indicato il posizionamento dell'azienda dopo il 1950,"{""type"":""FeatureCollection"",""features"":[{""type"":""Feature"",""geometry"":{""type"":""Polygon"",""coordinates"":[[[14.636704020185789,40.74642097950801],[14.636725477857908,40.74599182606563],[14.636012010259947,40.74559485913142],[14.635405831022581,40.74563777447566],[14.633152775450071,40.74609911442622],[14.633243970556578,40.74686622620448],[14.635706238432249,40.74687159062251],[14.6359315439895,40.74661409855708],[14.636124663038572,40.74659264088496],[14.636462621374449,40.746565818794814],[14.636569909735044,40.74647462368831],[14.636704020185789,40.74642097950801]]]},""properties"":null},{""type"":""Feature"",""geometry"":{""type"":""Polygon"",""coordinates"":[[[14.636591367407163,40.74645853043422],[14.636591367407163,40.74645853043422],[14.636575274153074,40.74647462368831],[14.636591367407163,40.74645853043422]]]},""properties"":null}]}","R. Vitolo, M. Stanzione (eds.), Capitani d'industrua, in Com'eravamo. Un secolo di vita a Nocera Inferiore tra ricordi immagini testimonianze, Nocera Inferiore 2013, pp. 157-158, ISBN 978-88-902535-9-1.",http://dati.acs.beniculturali.it/mm/local/,http://dati.acs.beniculturali.it/media/bm/wtmk/ACS_022/P002096_49501-49700/WEB/49501-49700_0205.jpg,http://dati.acs.beniculturali.it/media/bm/thmb/ACS_022/P002096_49501-49700/WEB/49501-49700_0206.jpg,,,"Supermercato, Pub, Altre aziende, Istituto Alberghiero, Insediamento per civili abitazioni"
Nocera Inferiore,Liporta,"via E. Astuti, 52 - Via Napoli",49673,DITTA SALVATORE FORINO E FIGLI,1934/03/15,1934/11/28,Napoli,Maschio Angioino,Agro alimentare,Si,Contemporaneo,"Il marchio presenta a sinistra un gruppo di pomodori e a destra il maschio angioino, da cui il nome del brand. il marchio è stato depositato a colori con sfondo giallo e scritte rosse ''SALVATORE FORINO E FIGLI''.",,Viene indicato il posizionamento dell'azienda dopo il 1950,"{""type"":""FeatureCollection"",""features"":[{""type"":""Feature"",""geometry"":{""type"":""Polygon"",""coordinates"":[[[14.636704020185789,40.74642097950801],[14.636725477857908,40.74599182606563],[14.636012010259947,40.74559485913142],[14.635405831022581,40.74563777447566],[14.633152775450071,40.74609911442622],[14.633243970556578,40.74686622620448],[14.635706238432249,40.74687159062251],[14.6359315439895,40.74661409855708],[14.636124663038572,40.74659264088496],[14.636462621374449,40.746565818794814],[14.636569909735044,40.74647462368831],[14.636704020185789,40.74642097950801]]]},""properties"":null},{""type"":""Feature"",""geometry"":{""type"":""Polygon"",""coordinates"":[[[14.636591367407163,40.74645853043422],[14.636591367407163,40.74645853043422],[14.636575274153074,40.74647462368831],[14.636591367407163,40.74645853043422]]]},""properties"":null}]}","R. Vitolo, M. Stanzione (eds.), Capitani d'industrua, in Com'eravamo. Un secolo di vita a Nocera Inferiore tra ricordi immagini testimonianze, Nocera Inferiore 2013, pp. 157-158, ISBN 978-88-902535-9-1.",http://dati.acs.beniculturali.it/mm/local/,http://dati.acs.beniculturali.it/media/bm/wtmk/ACS_022/P002096_49501-49700/WEB/49501-49700_0207.jpg,http://dati.acs.beniculturali.it/media/bm/thmb/ACS_022/P002096_49501-49700/WEB/49501-49700_0208.jpg,,,"Supermercato, Pub, Altre aziende, Istituto Alberghiero, Insediamento per civili abitazioni"
Nocera Inferiore,Merichi,,51996,DITTA GABRIELE GAMBARDELLA & FIGLI,1935/06/15,1935/10/10,Roma,La Romanella,Agro alimentare,Si,Contemporaneo,Marchio depositato in colore- Descrizione:Fondo generale giallo arancione; gruppi di pomodori al colore naturale; figura di donna in bianco rosso e verde,,,"{""type"":""FeatureCollection"",""features"":[{""type"":""Feature"",""geometry"":{""type"":""Polygon"",""coordinates"":[[[14.636934995069169,40.749348644167185],[14.636248349561356,40.74926281347871],[14.634601473226212,40.749085787683725],[14.633855819120072,40.74901068583131],[14.633979200734757,40.74819529429079],[14.634950160398148,40.748275760561235],[14.635062813176773,40.74785733595491],[14.636049866094254,40.74791098013521],[14.637176393880509,40.74819529429079],[14.636934995069169,40.749348644167185]]]},""properties"":null},{""type"":""Feature"",""geometry"":{""type"":""Polygon"",""coordinates"":[[[14.63716566504445,40.74822211638094],[14.637171029462479,40.74822211638094],[14.637171029462479,40.74822211638094],[14.63716566504445,40.74822211638094]]]},""properties"":null}]}","R. Vitolo, M. Stanzione (eds.), Capitani d'industrua, in Com'eravamo. Un secolo di vita a Nocera Inferiore tra ricordi immagini testimonianze, Nocera Inferiore 2013, pp. 157-158, ISBN 978-88-902535-9-1.",http://dati.acs.beniculturali.it/mm/local/,http://dati.acs.beniculturali.it/media/bm/wtmk/ACS_022/P002108_51901-52100/WEB/51901-52100_0111.jpg,http://dati.acs.beniculturali.it/media/bm/wtmk/ACS_022/P002108_51901-52100/WEB/51901-52100_0112.jpg,,,
Nocera Inferiore,Merichi,,51997,DITTA GABRIELE GAMBARDELLA & FIGLI,1935/06/15,1935/10/10,Roma,La Romanella,Agro alimentare,Si,Contemporaneo,Marchio depositato in colore. Fondo generale giallo e arancione. Gruppo di pomodori al colore naturale;figura di donna centrale in bianco.,,,"{""type"":""FeatureCollection"",""features"":[{""type"":""Feature"",""geometry"":{""type"":""Polygon"",""coordinates"":[[[14.636934995069169,40.749348644167185],[14.636248349561356,40.74926281347871],[14.634601473226212,40.749085787683725],[14.633855819120072,40.74901068583131],[14.633979200734757,40.74819529429079],[14.634950160398148,40.748275760561235],[14.635062813176773,40.74785733595491],[14.636049866094254,40.74791098013521],[14.637176393880509,40.74819529429079],[14.636934995069169,40.749348644167185]]]},""properties"":null},{""type"":""Feature"",""geometry"":{""type"":""Polygon"",""coordinates"":[[[14.63716566504445,40.74822211638094],[14.637171029462479,40.74822211638094],[14.637171029462479,40.74822211638094],[14.63716566504445,40.74822211638094]]]},""properties"":null}]}","R. Vitolo, M. Stanzione (eds.), Capitani d'industrua, in Com'eravamo. Un secolo di vita a Nocera Inferiore tra ricordi immagini testimonianze, Nocera Inferiore 2013, pp. 157-158, ISBN 978-88-902535-9-1.",http://dati.acs.beniculturali.it/mm/local/,http://dati.acs.beniculturali.it/media/bm/wtmk/ACS_022/P002108_51901-52100/WEB/51901-52100_0113.jpg,http://dati.acs.beniculturali.it/media/bm/wtmk/ACS_022/P002108_51901-52100/WEB/51901-52100_0113.jpg,,,
Nocera Inferiore,,,53512,DITTA FRANCESCO SPINELLI & GAETANO SCHIAVO,1936/05/09,1936/06/22,Napoli,Moretto,Agro alimentare,No,Contemporaneo,marchio non disponibile.,,E' stato indicato il posizionamento della Spinelli,"{""type"":""FeatureCollection"",""features"":[{""type"":""Feature"",""geometry"":{""type"":""Polygon"",""coordinates"":[[[14.636946043465286,40.74935181881302],[14.63661881396547,40.74984534527176],[14.636511525604874,40.749904353870086],[14.636396190617234,40.749931175960235],[14.633770307991654,40.749475200427696],[14.632893225643784,40.74938936973922],[14.632866403553635,40.74904604698531],[14.633834681008011,40.74909432674758],[14.63386150309816,40.7490433647763],[14.634435495827347,40.74908628012054],[14.6344810933806,40.74908896232955],[14.6344810933806,40.749123831046745],[14.635457417462021,40.749217708362266],[14.636946043465286,40.74935181881302]]]},""properties"":null}]}","R. Vitolo, M. Stanzione (eds.), Capitani d'industrua, in Com'eravamo. Un secolo di vita a Nocera Inferiore tra ricordi immagini testimonianze, Nocera Inferiore 2013, pp. 157-158, ISBN 978-88-902535-9-1.",http://dati.acs.beniculturali.it/mm/local/,http://dati.acs.beniculturali.it/media/bm/wtmk/ACS_023/P002116_53501-53700/WEB/53501-53700_0019.jpg,,,,
Nocera Inferiore,,,54036,FRANCESCO SPINELLI E GAETANO SCHIAVO,1936/07/16,1936/09/25,Napoli,Africanella,Agro alimentare,Si,Contemporaneo,"Il marchio è di colore bianco e nero, presenta una donna africana che sorride.",,E' stato indicato il posizionamento della Spinelli,"{""type"":""FeatureCollection"",""features"":[{""type"":""Feature"",""geometry"":{""type"":""Polygon"",""coordinates"":[[[14.636946043465286,40.74935181881302],[14.63661881396547,40.74984534527176],[14.636511525604874,40.749904353870086],[14.636396190617234,40.749931175960235],[14.633770307991654,40.749475200427696],[14.632893225643784,40.74938936973922],[14.632866403553635,40.74904604698531],[14.633834681008011,40.74909432674758],[14.63386150309816,40.7490433647763],[14.634435495827347,40.74908628012054],[14.6344810933806,40.74908896232955],[14.6344810933806,40.749123831046745],[14.635457417462021,40.749217708362266],[14.636946043465286,40.74935181881302]]]},""properties"":null}]}","R. Vitolo, M. Stanzione (eds.), Capitani d'industrua, in Com'eravamo. Un secolo di vita a Nocera Inferiore tra ricordi immagini testimonianze, Nocera Inferiore 2013, pp. 157-158, ISBN 978-88-902535-9-1.",http://dati.acs.beniculturali.it/mm/local/,http://dati.acs.beniculturali.it/media/bm/wtmk/ACS_023/P002116_53501-53700/WEB/53501-53700_0019.jpg,,,,
Nocera Inferiore,,,54344,DITTA FRANCESCO SPINELLI & GAETANO SCHIAVO,1936/09/10,1936/11/24,Napoli,Africanella,Agro alimentare,Si,Contemporaneo,il marchio è di colori bianco e nero e presenta una donna africana che sorride qui il nome del brand.,,E' stato indicato il posizionamento della Spinelli,"{""type"":""FeatureCollection"",""features"":[{""type"":""Feature"",""geometry"":{""type"":""Polygon"",""coordinates"":[[[14.636946043465286,40.74935181881302],[14.63661881396547,40.74984534527176],[14.636511525604874,40.749904353870086],[14.636396190617234,40.749931175960235],[14.633770307991654,40.749475200427696],[14.632893225643784,40.74938936973922],[14.632866403553635,40.74904604698531],[14.633834681008011,40.74909432674758],[14.63386150309816,40.7490433647763],[14.634435495827347,40.74908628012054],[14.6344810933806,40.74908896232955],[14.6344810933806,40.749123831046745],[14.635457417462021,40.749217708362266],[14.636946043465286,40.74935181881302]]]},""properties"":null}]}","R. Vitolo, M. Stanzione (eds.), Capitani d'industrua, in Com'eravamo. Un secolo di vita a Nocera Inferiore tra ricordi immagini testimonianze, Nocera Inferiore 2013, pp. 157-158, ISBN 978-88-902535-9-1.",http://dati.acs.beniculturali.it/mm/local/,http://dati.acs.beniculturali.it/media/bm/wtmk/ACS_023/P002120_54301-54500/WEB/54301-54500_0053.jpg,,,,
Nocera Inferiore,Sperandei,,56033,LUIGI E MATTEO D'ALESSIO,1937/07/06,1937/10/21,Napoli,La Trasteverina,Agro alimentare,No,Contemporaneo,Etichetta impressa in rosso e nero su fondo celeste e giallo. Vi è un disegno di una donna che sorride.,,,,"R. Vitolo, M. Stanzione (eds.), Capitani d'industrua, in Com'eravamo. Un secolo di vita a Nocera Inferiore tra ricordi immagini testimonianze, Nocera Inferiore 2013, pp. 157-158, ISBN 978-88-902535-9-1.",http://dati.acs.beniculturali.it/mm/local/,http://dati.acs.beniculturali.it/media/bm/thmb/ACS_023/P002128_55901-56100/WEB/55901-56100_0153.jpg,,,,
Nocera Inferiore,Sperandei,,56283,DITTA MATTEO & LUIGI D'ALESSIO,1937/08/11,1937/11/29,Napoli,Pupetta Nera,Agro alimentare,Si,Contemporaneo,"Presenta a sinistra una donna di colore portante una cesta di pomodori a destra,invece, sono presenti un gruppo di pomodori. Il marchio è stato depositato a colori, è di fondo giallo e bordata in celeste e sono presenti scritte in rosso.",,,,"R. Vitolo, M. Stanzione (eds.), Capitani d'industrua, in Com'eravamo. Un secolo di vita a Nocera Inferiore tra ricordi immagini testimonianze, Nocera Inferiore 2013, pp. 157-158, ISBN 978-88-902535-9-1.",http://dati.acs.beniculturali.it/mm/local/,http://dati.acs.beniculturali.it/media/bm/wtmk/ACS_023/P002129_56101-56300/WEB/56101-56300_0200.jpg,http://dati.acs.beniculturali.it/media/bm/thmb/ACS_023/P002129_56101-56300/WEB/56101-56300_0201.jpg,,,
Nocera Inferiore,,,56277,DITTA FRANCESCO SPINELLI & GAETANO SCHIAVO,1937/08/20,1937/11/29,Napoli,Africanella,Agro alimentare,Si,Contemporaneo,"Il marchio è stato depositato a colori, presenta una donna africana sulla sinistra in una cornice rotonda. Sulla destra un marchio di colore blu con all'interno un gruppo di pomodori di colore naturale.",,E' stato indicato il posizionamento della Spinelli,"{""type"":""FeatureCollection"",""features"":[{""type"":""Feature"",""geometry"":{""type"":""Polygon"",""coordinates"":[[[14.636946043465286,40.74935181881302],[14.63661881396547,40.74984534527176],[14.636511525604874,40.749904353870086],[14.636396190617234,40.749931175960235],[14.633770307991654,40.749475200427696],[14.632893225643784,40.74938936973922],[14.632866403553635,40.74904604698531],[14.633834681008011,40.74909432674758],[14.63386150309816,40.7490433647763],[14.634435495827347,40.74908628012054],[14.6344810933806,40.74908896232955],[14.6344810933806,40.749123831046745],[14.635457417462021,40.749217708362266],[14.636946043465286,40.74935181881302]]]},""properties"":null}]}","R. Vitolo, M. Stanzione (eds.), Capitani d'industrua, in Com'eravamo. Un secolo di vita a Nocera Inferiore tra ricordi immagini testimonianze, Nocera Inferiore 2013, pp. 157-158, ISBN 978-88-902535-9-1.",http://dati.acs.beniculturali.it/mm/local/,http://dati.acs.beniculturali.it/media/bm/wtmk/ACS_023/P002129_56101-56300/WEB/56101-56300_0194.jpg,,,,
Nocera Inferiore,,,59083,DITTA ENRICO ESPOSITO FU DOMENICO,1938/10/26,1939/04/28,Napoli,La Saporita,Agro alimentare,No,Contemporaneo,"Marchio depositato a colori con fondo giallo, a sinistra presenta una contadina con una grande mole di pomodori, a sinistra sono presenti un gruppo di pomodori. Al centro del marchio è presente una scritta ''ENRICO ESPOSITO FU DOMENICO''",,,,,http://dati.acs.beniculturali.it/mm/local/,http://dati.acs.beniculturali.it/media/bm/wtmk/ACS_024/P002143_59001-59200/WEB/59001-59200_0091.jpg,,,,
Nocera Inferiore,,,61276,DITTA ANTONIO CITARELLA,1940/01/05,1940/03/12,Napoli,Marca Elefante,Agro alimentare,Si,Contemporaneo,Il marchio è stato depositato a colori. è a fondo celeste e a caratteri bianchi. Alla sinistra del marchio è raffigurato un elefante con diversi pomodori da cui il nome del brand,,,,,http://dati.acs.beniculturali.it/mm/local/,http://dati.acs.beniculturali.it/media/bm/wtmk/ACS_025/P002154_61202-61402/WEB/61202-61402_0081.jpg,,,,
Nocera Inferiore,,,65487,ANDREA CASO,1942/01/17,1942/09/24,Napoli,Reginella,Agro alimentare,Si,Contemporaneo,"Marchio depositato a colori. Il marchio è in fondo blu con caratteri, a sinistra è presente un gruppo di pomodori, alla destra marchio è presente una contadina portante un cesto di pomodori e alle spalle della contadine è presente il Vesuvio.",,,,,http://dati.acs.beniculturali.it/mm/local/,http://dati.acs.beniculturali.it/media/bm/wtmk/ACS_025/P000334_65401-65599/WEB/65401-65599_0114.jpg,,,,
Nocera Inferiore,Liporta,"via E. Astuti, 52 - Via Napoli",67516,DITTA SALVATORE FORINO E FIGLI,1942/11/05,1945/11/24,Roma,Luciana,Agro alimentare,Si,Contemporaneo,"marchio depositato a colori, lo sfondo è di colore azzurro e presenta scritte in rosso. A sinistra è presente una contadina mentre a destra un gruppo di pomodori.",,Viene indicato il posizionamento dell'azienda dopo il 1950,"{""type"":""FeatureCollection"",""features"":[{""type"":""Feature"",""geometry"":{""type"":""Polygon"",""coordinates"":[[[14.636704020185789,40.74642097950801],[14.636725477857908,40.74599182606563],[14.636012010259947,40.74559485913142],[14.635405831022581,40.74563777447566],[14.633152775450071,40.74609911442622],[14.633243970556578,40.74686622620448],[14.635706238432249,40.74687159062251],[14.6359315439895,40.74661409855708],[14.636124663038572,40.74659264088496],[14.636462621374449,40.746565818794814],[14.636569909735044,40.74647462368831],[14.636704020185789,40.74642097950801]]]},""properties"":null},{""type"":""Feature"",""geometry"":{""type"":""Polygon"",""coordinates"":[[[14.636591367407163,40.74645853043422],[14.636591367407163,40.74645853043422],[14.636575274153074,40.74647462368831],[14.636591367407163,40.74645853043422]]]},""properties"":null}]}","R. Vitolo, M. Stanzione (eds.), Capitani d'industrua, in Com'eravamo. Un secolo di vita a Nocera Inferiore tra ricordi immagini testimonianze, Nocera Inferiore 2013, pp. 157-158, ISBN 978-88-902535-9-1.",http://dati.acs.beniculturali.it/mm/local/,http://dati.acs.beniculturali.it/media/bm/wtmk/ACS_026/P000344_67402-67600/WEB/67402-67600_0122.jpg,http://dati.acs.beniculturali.it/media/bm/wtmk/ACS_026/P000344_67402-67600/WEB/67402-67600_0123.jpg,,,
Nocera Inferiore,Liporta,"via E. Astuti, 52 - Via Napoli",67237,SALVATORE FORINO & FIGLI,1942/11/05,1945/10/02,Roma,Super Forino estratto di pomodoro,Agro alimentare,Si,Contemporaneo,,,Viene indicato il posizionamento dell'azienda dopo il 1950,"{""type"":""FeatureCollection"",""features"":[{""type"":""Feature"",""geometry"":{""type"":""Polygon"",""coordinates"":[[[14.636704020185789,40.74642097950801],[14.636725477857908,40.74599182606563],[14.636012010259947,40.74559485913142],[14.635405831022581,40.74563777447566],[14.633152775450071,40.74609911442622],[14.633243970556578,40.74686622620448],[14.635706238432249,40.74687159062251],[14.6359315439895,40.74661409855708],[14.636124663038572,40.74659264088496],[14.636462621374449,40.746565818794814],[14.636569909735044,40.74647462368831],[14.636704020185789,40.74642097950801]]]},""properties"":null},{""type"":""Feature"",""geometry"":{""type"":""Polygon"",""coordinates"":[[[14.636591367407163,40.74645853043422],[14.636591367407163,40.74645853043422],[14.636575274153074,40.74647462368831],[14.636591367407163,40.74645853043422]]]},""properties"":null}]}","R. Vitolo, M. Stanzione (eds.), Capitani d'industrua, in Com'eravamo. Un secolo di vita a Nocera Inferiore tra ricordi immagini testimonianze, Nocera Inferiore 2013, pp. 157-158, ISBN 978-88-902535-9-1.",http://dati.acs.beniculturali.it/mm/local/,http://dati.acs.beniculturali.it/media/bm/wtmk/ACS_026/P000343_67201-67401/WEB/67201-67401_0043.jpg,,,Si,"Supermercato, Pub, Altre aziende, Istituto Alberghiero, Insediamento per civili abitazioni"
Nocera Inferiore,"Mercato, Arenula","via G. B. Castaldo, 51",67142,SOCIETA' ANONIMA NOCERINA CONSERVE ALIMENTARI (S.A.N.C.A.),1943/08/28,1945/03/24,Roma,Pantera,Agro alimentare,Si,Contemporaneo,Il marchio presenta una pantera in bianco e nero sottostante la scritta S.A.N.C.A.,,,"{""type"":""FeatureCollection"",""features"":[{""type"":""Feature"",""geometry"":{""type"":""Polygon"",""coordinates"":[[[14.645379927001159,40.74643331766538],[14.64546843989865,40.74675786495618],[14.64686587079541,40.746886610988895],[14.646903421721618,40.746733725075046],[14.647109951815764,40.74672031402997],[14.647088494143645,40.74650037289075],[14.647018756709258,40.746393084530155],[14.646476950488251,40.746503055099765],[14.646415259680907,40.74624019861631],[14.645379927001159,40.74643331766538]]]},""properties"":null},{""type"":""Feature"",""geometry"":{""type"":""Polygon"",""coordinates"":[[[14.646415259680907,40.74624019861631],[14.646415259680907,40.74624019861631],[14.646417941889922,40.74624019861631],[14.646415259680907,40.74624019861631]]]},""properties"":null},{""type"":""Feature"",""geometry"":{""type"":""Polygon"",""coordinates"":[[[14.646417941889922,40.74624019861631],[14.646417941889922,40.74624019861631],[14.646417941889922,40.74624019861631],[14.646417941889922,40.74624019861631]]]},""properties"":null},{""type"":""Feature"",""geometry"":{""type"":""Polygon"",""coordinates"":[[[14.646417941889922,40.74625092745237],[14.646417941889922,40.74625092745237],[14.646417941889922,40.74625092745237],[14.646417941889922,40.74625092745237]]]},""properties"":null},{""type"":""Feature"",""geometry"":{""type"":""Polygon"",""coordinates"":[[[14.646409895262877,40.74625360966139],[14.646415259680907,40.74624556303434],[14.646415259680907,40.74624556303434],[14.646409895262877,40.74625360966139]]]},""properties"":null}]}","R. Vitolo, M. Stanzione (eds.), Capitani d'industrua, in Com'eravamo. Un secolo di vita a Nocera Inferiore tra ricordi immagini testimonianze, Nocera Inferiore 2013, pp. 157-158, ISBN 978-88-902535-9-1.",http://dati.acs.beniculturali.it/mm/local/,http://dati.acs.beniculturali.it/media/bm/wtmk/ACS_026/P000342_67001-67200/WEB/67001-67200_0152.jpg,,,Si,Supermercato
Nocera Inferiore,"Mercato, Arenula","via G. B. Castaldo, 51",68971,SOCIETA' ANONIMA NOCERINA CONSERVE ALIMENTARI (S.A.N.C.A.),1943/08/28,1946/04/25,Roma,Pantera,Agro alimentare,Si,Contemporaneo,"Le scritte presenti sul marchio sono il lingua inglese, l'immagine non è a colori e presenta un gruppo di pomodori centrali.",,,"{""type"":""FeatureCollection"",""features"":[{""type"":""Feature"",""geometry"":{""type"":""Polygon"",""coordinates"":[[[14.645379927001159,40.74643331766538],[14.64546843989865,40.74675786495618],[14.64686587079541,40.746886610988895],[14.646903421721618,40.746733725075046],[14.647109951815764,40.74672031402997],[14.647088494143645,40.74650037289075],[14.647018756709258,40.746393084530155],[14.646476950488251,40.746503055099765],[14.646415259680907,40.74624019861631],[14.645379927001159,40.74643331766538]]]},""properties"":null},{""type"":""Feature"",""geometry"":{""type"":""Polygon"",""coordinates"":[[[14.646415259680907,40.74624019861631],[14.646415259680907,40.74624019861631],[14.646417941889922,40.74624019861631],[14.646415259680907,40.74624019861631]]]},""properties"":null},{""type"":""Feature"",""geometry"":{""type"":""Polygon"",""coordinates"":[[[14.646417941889922,40.74624019861631],[14.646417941889922,40.74624019861631],[14.646417941889922,40.74624019861631],[14.646417941889922,40.74624019861631]]]},""properties"":null},{""type"":""Feature"",""geometry"":{""type"":""Polygon"",""coordinates"":[[[14.646417941889922,40.74625092745237],[14.646417941889922,40.74625092745237],[14.646417941889922,40.74625092745237],[14.646417941889922,40.74625092745237]]]},""properties"":null},{""type"":""Feature"",""geometry"":{""type"":""Polygon"",""coordinates"":[[[14.646409895262877,40.74625360966139],[14.646415259680907,40.74624556303434],[14.646415259680907,40.74624556303434],[14.646409895262877,40.74625360966139]]]},""properties"":null}]}","R. Vitolo, M. Stanzione (eds.), Capitani d'industrua, in Com'eravamo. Un secolo di vita a Nocera Inferiore tra ricordi immagini testimonianze, Nocera Inferiore 2013, pp. 157-158, ISBN 978-88-902535-9-1.",http://dati.acs.beniculturali.it/mm/local/,http://dati.acs.beniculturali.it/media/bm/wtmk/ACS_026/P000351_68802-69001/WEB/68802-69001_0186.jpg,,,Si,Supermercato
Nocera Inferiore,Merichi,,75851,GABRIELE GAMBARDELLA & FIGLI,1945/08/18,1947/10/06,Roma,La Romanella,Agro alimentare,,Contemporaneo,Il marchio presenta una donna incorniciata da una cornice ovale e sia al lato destro che a quello sinistro sono presenti gruppi di pomodori,,,"{""type"":""FeatureCollection"",""features"":[{""type"":""Feature"",""geometry"":{""type"":""Polygon"",""coordinates"":[[[14.636934995069169,40.749348644167185],[14.636248349561356,40.74926281347871],[14.634601473226212,40.749085787683725],[14.633855819120072,40.74901068583131],[14.633979200734757,40.74819529429079],[14.634950160398148,40.748275760561235],[14.635062813176773,40.74785733595491],[14.636049866094254,40.74791098013521],[14.637176393880509,40.74819529429079],[14.636934995069169,40.749348644167185]]]},""properties"":null},{""type"":""Feature"",""geometry"":{""type"":""Polygon"",""coordinates"":[[[14.63716566504445,40.74822211638094],[14.637171029462479,40.74822211638094],[14.637171029462479,40.74822211638094],[14.63716566504445,40.74822211638094]]]},""properties"":null}]}","R. Vitolo, M. Stanzione (eds.), Capitani d'industrua, in Com'eravamo. Un secolo di vita a Nocera Inferiore tra ricordi immagini testimonianze, Nocera Inferiore 2013, pp. 157-158, ISBN 978-88-902535-9-1.",http://dati.acs.beniculturali.it/mm/local/,http://dati.acs.beniculturali.it/media/bm/wtmk/ACS_027/P000386_75801-76000/WEB/75801-76000_0059.jpg,http://dati.acs.beniculturali.it/media/bm/thmb/ACS_027/P000386_75801-76000/WEB/75801-76000_0060.jpg,,,
Nocera Inferiore,Merichi,,75852,GABRIELE GAMBARDELLA & FIGLI,1945/08/18,1947/10/06,Roma,La Romanella,Agro alimentare,,Contemporaneo,,,,"{""type"":""FeatureCollection"",""features"":[{""type"":""Feature"",""geometry"":{""type"":""Polygon"",""coordinates"":[[[14.636934995069169,40.749348644167185],[14.636248349561356,40.74926281347871],[14.634601473226212,40.749085787683725],[14.633855819120072,40.74901068583131],[14.633979200734757,40.74819529429079],[14.634950160398148,40.748275760561235],[14.635062813176773,40.74785733595491],[14.636049866094254,40.74791098013521],[14.637176393880509,40.74819529429079],[14.636934995069169,40.749348644167185]]]},""properties"":null},{""type"":""Feature"",""geometry"":{""type"":""Polygon"",""coordinates"":[[[14.63716566504445,40.74822211638094],[14.637171029462479,40.74822211638094],[14.637171029462479,40.74822211638094],[14.63716566504445,40.74822211638094]]]},""properties"":null}]}","R. Vitolo, M. Stanzione (eds.), Capitani d'industrua, in Com'eravamo. Un secolo di vita a Nocera Inferiore tra ricordi immagini testimonianze, Nocera Inferiore 2013, pp. 157-158, ISBN 978-88-902535-9-1.",http://dati.acs.beniculturali.it/mm/local/,http://dati.acs.beniculturali.it/media/bm/wtmk/ACS_027/P000386_75801-76000/WEB/75801-76000_0061.jpg,,,,
Nocera Inferiore,Sperandei,,81224,DITTA MATTEO & LUIGI D'ALESSIO,1946/04/27,1948/07/16,Roma,La Trasteverina,Agro alimentare,,Contemporaneo,,,,,"R. Vitolo, M. Stanzione (eds.), Capitani d'industrua, in Com'eravamo. Un secolo di vita a Nocera Inferiore tra ricordi immagini testimonianze, Nocera Inferiore 2013, pp. 157-158, ISBN 978-88-902535-9-1.",http://dati.acs.beniculturali.it/mm/local/,http://dati.acs.beniculturali.it/media/bm/wtmk/ACS_001/P000014_81201-81401/WEB/81201-81401_0028.jpg,http://dati.acs.beniculturali.it/media/bm/wtmk/ACS_001/P000014_81201-81401/WEB/81201-81401_0029.jpg,,,
Nocera Inferiore,Sperandei,,82007,DITTA MATTEO & LUIGI D'ALESSIO,1946/04/27,1948/09/11,Roma,Pupetta Nera,Agro alimentare,,Contemporaneo,"All'estremo sinistro del marchio è presente una donna di colore che un cesto di pomodori,invece, all'estremo destro sono presenti dei pomodori.",,,,"R. Vitolo, M. Stanzione (eds.), Capitani d'industrua, in Com'eravamo. Un secolo di vita a Nocera Inferiore tra ricordi immagini testimonianze, Nocera Inferiore 2013, pp. 157-158, ISBN 978-88-902535-9-1.",http://dati.acs.beniculturali.it/mm/local/,http://dati.acs.beniculturali.it/media/bm/wtmk/ACS_001/P000018_82002-82201/WEB/82002-82201_0007.jpg,http://dati.acs.beniculturali.it/media/bm/wtmk/ACS_001/P000018_82002-82201/WEB/82002-82201_0008.jpg,,,
Nocera Inferiore,Borgo,,75711,FRATELLI SCHIAVO DI GENNARO S.R.L.,1946/09/26,1947/09/25,Napoli,La Tripolina,Agro alimentare,,Contemporaneo,"il marchio presenta a sinistra una donna e, a destra, un gruppo di pomodori",,,"{""type"":""FeatureCollection"",""features"":[{""type"":""Feature"",""geometry"":{""type"":""Polygon"",""coordinates"":[[[14.641420986495177,40.74583518505506],[14.641066934905211,40.74591833353452],[14.640860404811065,40.746030986313144],[14.640669967971007,40.74619728327207],[14.640549268565337,40.746240198616306],[14.640769209704558,40.746881246570865],[14.64110985024945,40.74680346250943],[14.641182269892852,40.74691611528806],[14.641386117777985,40.7468329668086],[14.64149877055661,40.74704754352979],[14.641683842978638,40.74694830179624],[14.64165165647046,40.74679541588239],[14.641844775519532,40.746739089493076],[14.641581919036073,40.74619728327207],[14.641420986495177,40.74583518505506]]]},""properties"":null}]}","R. Vitolo, M. Stanzione (eds.), Capitani d'industrua, in Com'eravamo. Un secolo di vita a Nocera Inferiore tra ricordi immagini testimonianze, Nocera Inferiore 2013, pp. 157-158, ISBN 978-88-902535-9-1.",http://dati.acs.beniculturali.it/mm/local/,http://dati.acs.beniculturali.it/media/bm/wtmk/ACS_027/P000385_75601-75800/WEB/75601-75800_0115.jpg,,,,
Nocera Inferiore,Borgo,,89725,FRATELLI SCHIAVO DI GENNARO S.R.L.,1946/09/26,1949/07/27,Napoli,Schiavo brand,Agro alimentare,,Contemporaneo,"Marchio depositato a colori con diverse raffigurazioni, a  sinistra è presente uno schivo con in mano una cassa di pomodori e dietro di lui è possibile vedere un campo di pomodori. A destra è presente un gruppo di pomodori e la scritta ''SUPER SCHIAVO''",,,"{""type"":""FeatureCollection"",""features"":[{""type"":""Feature"",""geometry"":{""type"":""Polygon"",""coordinates"":[[[14.641420986495177,40.74583518505506],[14.641066934905211,40.74591833353452],[14.640860404811065,40.746030986313144],[14.640669967971007,40.74619728327207],[14.640549268565337,40.746240198616306],[14.640769209704558,40.746881246570865],[14.64110985024945,40.74680346250943],[14.641182269892852,40.74691611528806],[14.641386117777985,40.7468329668086],[14.64149877055661,40.74704754352979],[14.641683842978638,40.74694830179624],[14.64165165647046,40.74679541588239],[14.641844775519532,40.746739089493076],[14.641581919036073,40.74619728327207],[14.641420986495177,40.74583518505506]]]},""properties"":null}]}","R. Vitolo, M. Stanzione (eds.), Capitani d'industrua, in Com'eravamo. Un secolo di vita a Nocera Inferiore tra ricordi immagini testimonianze, Nocera Inferiore 2013, pp. 157-158, ISBN 978-88-902535-9-1.",http://dati.acs.beniculturali.it/mm/local/,http://dati.acs.beniculturali.it/media/bm/thmb/ACS_003/P000056_89602-89803/WEB/89602-89803_0131.jpg,http://dati.acs.beniculturali.it/media/bm/thmb/ACS_003/P000056_89602-89803/WEB/89602-89803_0132.jpg,,,
Nocera Inferiore,,,82868,LA FLORIDA (CONSERVE ALIMENTARI) SOC.A R.L.,1946/09/27,1948/11/09,Napoli,La Florida,Agro alimentare,,Contemporaneo,"Marchio depositato a colori. A fondo azzurro, è presente a destra una donna avente in mano un gran numero di pomodori mentre a sinistra un gruppo di pomodori.",,,,,http://dati.acs.beniculturali.it/mm/local/,http://dati.acs.beniculturali.it/media/bm/wtmk/ACS_001/P000022_82801-83001/WEB/82801-83001_0074.jpg,http://dati.acs.beniculturali.it/media/bm/wtmk/ACS_001/P000022_82801-83001/WEB/82801-83001_0075.jpg,,,
Nocera Inferiore,Borgo,,94361,S.R.L. F.LLI SCHIAVO DI GENNARO,1947/01/04,1950/02/16,Napoli,Augusto,Agro alimentare,si,Contemporaneo,"Marchio depositato a colori, il colore prevalente è il rosso. presenta al centro l'imperatore romano Augusto. il marchio presenta in diverse lingue la scritta ''pomodori in scatola''",,,"{""type"":""FeatureCollection"",""features"":[{""type"":""Feature"",""geometry"":{""type"":""Polygon"",""coordinates"":[[[14.641420986495177,40.74583518505506],[14.641066934905211,40.74591833353452],[14.640860404811065,40.746030986313144],[14.640669967971007,40.74619728327207],[14.640549268565337,40.746240198616306],[14.640769209704558,40.746881246570865],[14.64110985024945,40.74680346250943],[14.641182269892852,40.74691611528806],[14.641386117777985,40.7468329668086],[14.64149877055661,40.74704754352979],[14.641683842978638,40.74694830179624],[14.64165165647046,40.74679541588239],[14.641844775519532,40.746739089493076],[14.641581919036073,40.74619728327207],[14.641420986495177,40.74583518505506]]]},""properties"":null}]}","R. Vitolo, M. Stanzione (eds.), Capitani d'industrua, in Com'eravamo. Un secolo di vita a Nocera Inferiore tra ricordi immagini testimonianze, Nocera Inferiore 2013, pp. 157-158, ISBN 978-88-902535-9-1.",http://dati.acs.beniculturali.it/mm/local/,http://dati.acs.beniculturali.it/media/bm/wtmk/ACS_003/P000077_94201-94401/WEB/94201-944010165.jpg,,,,
Nocera Inferiore,Via Napoli,,81825,INDUSTRIE AROMATICHE DOTT. GUSTAVO MARANCA,1947/02/01,1948/08/18,Roma,GusMar,Chimica,,Contemporaneo,,,Incerto,"40.7470987632405,14.632356783840807",,http://dati.acs.beniculturali.it/mm/local/,http://dati.acs.beniculturali.it/media/bm/wtmk/ACS_001/P000017_81802-82001/WEB/81802-82001_0030.jpg,,,,
Nocera Inferiore,Via Napoli,,77422,GUSTAVO MARANCA,1947/02/15,1948/01/12,Roma,Trycotrophine,Chimica,No,Contemporaneo,,,Incerto,"40.7470987632405,14.632356783840807",,http://dati.acs.beniculturali.it/mm/local/,http://dati.acs.beniculturali.it/media/bm/wtmk/ACS_028/P000394_77401-77601/WEB/77401-77601_0026.jpg,,,,
Nocera Inferiore,Casolla,,89732,DITTA ESPOSITO E BENEVENTO,1947/05/05,1949/07/27,Napoli,Tigre,Agro alimentare,?,Contemporaneo,il marchio è di forma ovale. Presenta al centro una tigre la quale è circondata da barattoli di pomodori. Tutti i colori sono al naturale.,,Incerto,"{""type"":""FeatureCollection"",""features"":[{""type"":""Feature"",""geometry"":{""type"":""Polygon"",""coordinates"":[[[14.650764784310015,40.74207766796462],[14.65064140269533,40.74147148872726],[14.650048634503037,40.741525132907555],[14.650118371937424,40.74219300295226],[14.650268575642258,40.74216886307113],[14.650271257851273,40.742018659366295],[14.650764784310015,40.74207766796462]]]},""properties"":null}]}",,http://dati.acs.beniculturali.it/mm/local/,http://dati.acs.beniculturali.it/media/bm/wtmk/ACS_003/P000056_89602-89803/WEB/89602-89803_0139.jpg,,,,
Nocera Inferiore,Liporta,"via E. Astuti, 52 - Via Napoli",87654,SALVATORE FORINO & FIGLI,1947/09/22,1949/03/24,Roma,Cheval,Agro alimentare,Si,Contemporaneo,,,Viene indicato il posizionamento dell'azienda dopo il 1950,"{""type"":""FeatureCollection"",""features"":[{""type"":""Feature"",""geometry"":{""type"":""Polygon"",""coordinates"":[[[14.636704020185789,40.74642097950801],[14.636725477857908,40.74599182606563],[14.636012010259947,40.74559485913142],[14.635405831022581,40.74563777447566],[14.633152775450071,40.74609911442622],[14.633243970556578,40.74686622620448],[14.635706238432249,40.74687159062251],[14.6359315439895,40.74661409855708],[14.636124663038572,40.74659264088496],[14.636462621374449,40.746565818794814],[14.636569909735044,40.74647462368831],[14.636704020185789,40.74642097950801]]]},""properties"":null},{""type"":""Feature"",""geometry"":{""type"":""Polygon"",""coordinates"":[[[14.636591367407163,40.74645853043422],[14.636591367407163,40.74645853043422],[14.636575274153074,40.74647462368831],[14.636591367407163,40.74645853043422]]]},""properties"":null}]}","R. Vitolo, M. Stanzione (eds.), Capitani d'industrua, in Com'eravamo. Un secolo di vita a Nocera Inferiore tra ricordi immagini testimonianze, Nocera Inferiore 2013, pp. 157-158, ISBN 978-88-902535-9-1.",http://dati.acs.beniculturali.it/mm/local/,http://dati.acs.beniculturali.it/media/bm/wtmk/ACS_002/P000046_87602-87801/WEB/87602-87801_0055.jpg,,,Si,"Supermercato, Pub, Altre aziende, Istituto Alberghiero, Insediamento per civili abitazioni"
Nocera Inferiore,Sperandei,via Dentice D'Accadia,109511,DITTA SARNO & APICELLA,1950/02/10,1952/11/22,,La Sarnesina,Agro alimentare,No,Contemporaneo,"il marchio è prevalentemente di colore rosso, con inserzioni in color oro. Sono presenti tre figure. quella più in risalto è quella centrale, la quale, è un gruppo di pomodori, a sinistra sono presenti degli angeli e a destra  una contadina intenta a coltivare pomodori",http://www.consaritaly.com/it,"L'azienda è ancora esistente, ma sul finire degli anni '90 è stata delocalizzata Nocera Superiore. In geolocalizzazione viene indicato il vecchio posizionamento","{""type"":""FeatureCollection"",""features"":[{""type"":""Feature"",""geometry"":{""type"":""Polygon"",""coordinates"":[[[14.63846354929956,40.74573969841822],[14.63846354929956,40.745594859131415],[14.638501100225769,40.74528908730372],[14.638774685545288,40.74529445172175],[14.638769321127258,40.745380282410224],[14.63898926226648,40.745385646828254],[14.638998951754731,40.745521366600315],[14.639379825434846,40.74553477764539],[14.639454927287263,40.745548188690464],[14.639449562869233,40.74559378624372],[14.63951393588559,40.745647430424015],[14.63952466472165,40.7457171678584],[14.63846354929956,40.74573969841822]]]},""properties"":null}]}","R. Vitolo, M. Stanzione (eds.), Capitani d'industrua, in Com'eravamo. Un secolo di vita a Nocera Inferiore tra ricordi immagini testimonianze, Nocera Inferiore 2013, pp. 157-158, ISBN 978-88-902535-9-1.",http://dati.acs.beniculturali.it/mm/local/,http://dati.acs.beniculturali.it/media/bm/wtmk/ACS_006/P000153_109402-109600/WEB/109402-109600_0120.jpg,,,Si,Abbattuta per costruire civili abitazioni
Nocera Inferiore,Rione Calenda,"via Atzori, 16",111923,GAETANO BUSCETTO,1952/09/16,1953/05/29,Roma,Non inserito,Metalmeccanico,No,Contemporaneo,Un triangolo formato dalle lettere ''GB'',,,"{""type"":""FeatureCollection"",""features"":[{""type"":""Feature"",""geometry"":{""type"":""Polygon"",""coordinates"":[[[14.645448021574339,40.74144279957636],[14.644874028845152,40.74156081677302],[14.644632630033811,40.74078834057673],[14.6456572338775,40.74052548409327],[14.645861081762632,40.74069714547022],[14.6454051062301,40.740831255920966],[14.645694784803709,40.741383790978034],[14.645448021574339,40.74144279957636]]]},""properties"":null}]}",,http://dati.acs.beniculturali.it/mm/local/,http://dati.acs.beniculturali.it/media/bm/wtmk/ACS_007/P000165_111802-112001/WEB/111802-112001_0126.jpg,,,No,
Nocera Inferiore,Merichi,,115687,SOCIETA' GABRIELE GAMBARDELLA & FIGLI,1953/05/30,1954/02/15,Roma,La Romanella,Agro alimentare,Si,Contemporaneo,,,,"{""type"":""FeatureCollection"",""features"":[{""type"":""Feature"",""geometry"":{""type"":""Polygon"",""coordinates"":[[[14.636934995069169,40.749348644167185],[14.636248349561356,40.74926281347871],[14.634601473226212,40.749085787683725],[14.633855819120072,40.74901068583131],[14.633979200734757,40.74819529429079],[14.634950160398148,40.748275760561235],[14.635062813176773,40.74785733595491],[14.636049866094254,40.74791098013521],[14.637176393880509,40.74819529429079],[14.636934995069169,40.749348644167185]]]},""properties"":null},{""type"":""Feature"",""geometry"":{""type"":""Polygon"",""coordinates"":[[[14.63716566504445,40.74822211638094],[14.637171029462479,40.74822211638094],[14.637171029462479,40.74822211638094],[14.63716566504445,40.74822211638094]]]},""properties"":null}]}","R. Vitolo, M. Stanzione (eds.), Capitani d'industrua, in Com'eravamo. Un secolo di vita a Nocera Inferiore tra ricordi immagini testimonianze, Nocera Inferiore 2013, pp. 157-158, ISBN 978-88-902535-9-1.",http://dati.acs.beniculturali.it/mm/local/,http://dati.acs.beniculturali.it/media/bm/wtmk/ACS_007/P000184_115602-115800/WEB/115602-115800_0095.jpg,http://dati.acs.beniculturali.it/media/bm/wtmk/ACS_007/P000184_115602-115800/WEB/115602-115800_0095.jpg,,Si,Parcellizzata e trasformata in altre aziende
Nocera Inferiore,,,118738,S.I.C.A. SOC.R.L. SOCIETA' INDUSTRIA CONSERVE ALIMENTARI,1953/10/13,1954/07/20,Roma,Eva,Agro alimentare,No,Contemporaneo,Il marchio è depositato in bianco e nero e presenta Eva che viene tentata dal serpente con un gruppo di pomodori al posto della mela e ella si trova in un campo di pomodori.,,,,,http://dati.acs.beniculturali.it/mm/local/,http://dati.acs.beniculturali.it/media/bm/wtmk/ACS_008/P000199_118602-118800/WEB/118602-118800_0144.jpg,,,,
Nocera Inferiore,Merichi,,124918,FRANCESCO SPINELLI,1955/02/10,1955/08/27,Roma,Moretto,Agro alimentare,No,Contemporaneo,,,,"{""type"":""FeatureCollection"",""features"":[{""type"":""Feature"",""geometry"":{""type"":""Polygon"",""coordinates"":[[[14.636946043465286,40.74935181881302],[14.63661881396547,40.74984534527176],[14.636511525604874,40.749904353870086],[14.636396190617234,40.749931175960235],[14.633770307991654,40.749475200427696],[14.632893225643784,40.74938936973922],[14.632866403553635,40.74904604698531],[14.633834681008011,40.74909432674758],[14.63386150309816,40.7490433647763],[14.634435495827347,40.74908628012054],[14.6344810933806,40.74908896232955],[14.6344810933806,40.749123831046745],[14.635457417462021,40.749217708362266],[14.636946043465286,40.74935181881302]]]},""properties"":null}]}","R. Vitolo, M. Stanzione (eds.), Capitani d'industrua, in Com'eravamo. Un secolo di vita a Nocera Inferiore tra ricordi immagini testimonianze, Nocera Inferiore 2013, pp. 157-158, ISBN 978-88-902535-9-1.",http://dati.acs.beniculturali.it/mm/local/,http://dati.acs.beniculturali.it/media/bm/wtmk/ACS_009/P000230_124801-125000/WEB/124801-125000_0133.jpg,,,Si,Parcellizzata e trasformata in altre aziende
Nocera Inferiore,Corso Vittorio Emanuele/Via Atzori,,126539,LUDOVICO FERRARA,1955/06/24,1956/01/25,Salerno,Pentagelo,Dolciario,No,Contemporaneo,Il marchio presenta un bambino con due gelati in mano e sovrastante la scritta ''pentangelo'',,,,,http://dati.acs.beniculturali.it/mm/local/,http://dati.acs.beniculturali.it/media/bm/wtmk/ACS_009/P000238_126401-126600/WEB/126401-126600_0146.jpg,http://dati.acs.beniculturali.it/media/bm/thmb/ACS_009/P000238_126401-126600/WEB/126401-126600_0147.jpg,,,
Nocera Inferiore,,,128495,S.I.C.A.SOC.A R.L.SOCIETA' INDUSTRIA CONSERVE ALIMENTARI,1955/07/30,1956/07/05,Roma,Eva,Agro alimentare,No,Contemporaneo,,,,,,http://dati.acs.beniculturali.it/mm/local/,http://dati.acs.beniculturali.it/media/bm/thmb/ACS_009/P000248_128401-128601/WEB/128401-128601_0105.jpg,http://dati.acs.beniculturali.it/media/bm/thmb/ACS_009/P000248_128401-128601/WEB/128401-128601_0106.jpg,,,
Nocera Inferiore,Liporta,"via E. Astuti, 52 - Via Napoli",126817,FORINO S.P.A.,1956/03/03,1956/04/27,Milano,Forino,Agro alimentare,Si,Contemporaneo,,,Viene indicato il posizionamento dell'azienda dopo il 1950,"{""type"":""FeatureCollection"",""features"":[{""type"":""Feature"",""geometry"":{""type"":""Polygon"",""coordinates"":[[[14.636704020185789,40.74642097950801],[14.636725477857908,40.74599182606563],[14.636012010259947,40.74559485913142],[14.635405831022581,40.74563777447566],[14.633152775450071,40.74609911442622],[14.633243970556578,40.74686622620448],[14.635706238432249,40.74687159062251],[14.6359315439895,40.74661409855708],[14.636124663038572,40.74659264088496],[14.636462621374449,40.746565818794814],[14.636569909735044,40.74647462368831],[14.636704020185789,40.74642097950801]]]},""properties"":null},{""type"":""Feature"",""geometry"":{""type"":""Polygon"",""coordinates"":[[[14.636591367407163,40.74645853043422],[14.636591367407163,40.74645853043422],[14.636575274153074,40.74647462368831],[14.636591367407163,40.74645853043422]]]},""properties"":null}]}","R. Vitolo, M. Stanzione (eds.), Capitani d'industrua, in Com'eravamo. Un secolo di vita a Nocera Inferiore tra ricordi immagini testimonianze, Nocera Inferiore 2013, pp. 157-158, ISBN 978-88-902535-9-1.",http://dati.acs.beniculturali.it/mm/local/,http://dati.acs.beniculturali.it/media/bm/wtmk/ACS_009/P000245_127801-128001/WEB/127801-128000_0021.jpg,,,Si,"Supermercato, Pub, Altre aziende, Istituto Alberghiero, Insediamento per civili abitazioni"
Nocera Inferiore,Ferrovia,"via Federici, 51",131112,DITTA RAFFAELE D'AGOSTO,1956/05/03,1957/01/16,Roma,Aquila,Agro alimentare,Si,Contemporaneo,"Il marchio è stato depositato a colori, è di sfondo blu scuro e presenta al centro una aquila che assale un globo terrestre e attorno , nello spazio, sono presenti dei pomodori il tutto sovrastante alla scritta ''super d'agosto''",,,"40.74418354779482,14.635982512263581","R. Vitolo, M. Stanzione (eds.), Capitani d'industrua, in Com'eravamo. Un secolo di vita a Nocera Inferiore tra ricordi immagini testimonianze, Nocera Inferiore 2013, pp. 157-158, ISBN 978-88-902535-9-1.",http://dati.acs.beniculturali.it/mm/local/,http://dati.acs.beniculturali.it/media/bm/wtmk/ACS_010/P000261_131001-131200/WEB/131001-131200_0122.jpg,http://dati.acs.beniculturali.it/media/bm/thmb/ACS_010/P000261_131001-131200/WEB/131001-131200_0123.jpg,,,
Nocera Inferiore,,,128495,S.I.C.A. SOC.R.L. SOCIETA' INDUSTRIA CONSERVE ALIMENTARI,1956/07/07,1957/07/22,Roma,Sole d'Italia,Agro alimentare,Si,Contemporaneo,"il marchio è stato depositato a colo, presenta una donna con un grande sorriso vestita elegante.",,,,,http://dati.acs.beniculturali.it/mm/local/,http://dati.acs.beniculturali.it/media/bm/wtmk/ACS_010/P000271_133001-133200/WEB/133001-133200_0023.jpg,http://dati.acs.beniculturali.it/media/bm/wtmk/ACS_010/P000271_133001-133200/WEB/133001-133200_0024.jpg,,,
Nocera Inferiore,Liporta,"via E. Astuti, 52 - Via Napoli",127817,FORINO S.P.A.,1957/07/31,1958/06/18,Milano,Luciana,Agro alimentare,Si,Contemporaneo,il marchio è un disegno stilizzato di un cavallo che salta sopra al Vesuvio e sotto di esse è presente la scritta ''forino'',,Viene indicato il posizionamento dell'azienda dopo il 1950,"{""type"":""FeatureCollection"",""features"":[{""type"":""Feature"",""geometry"":{""type"":""Polygon"",""coordinates"":[[[14.636704020185789,40.74642097950801],[14.636725477857908,40.74599182606563],[14.636012010259947,40.74559485913142],[14.635405831022581,40.74563777447566],[14.633152775450071,40.74609911442622],[14.633243970556578,40.74686622620448],[14.635706238432249,40.74687159062251],[14.6359315439895,40.74661409855708],[14.636124663038572,40.74659264088496],[14.636462621374449,40.746565818794814],[14.636569909735044,40.74647462368831],[14.636704020185789,40.74642097950801]]]},""properties"":null},{""type"":""Feature"",""geometry"":{""type"":""Polygon"",""coordinates"":[[[14.636591367407163,40.74645853043422],[14.636591367407163,40.74645853043422],[14.636575274153074,40.74647462368831],[14.636591367407163,40.74645853043422]]]},""properties"":null}]}","R. Vitolo, M. Stanzione (eds.), Capitani d'industrua, in Com'eravamo. Un secolo di vita a Nocera Inferiore tra ricordi immagini testimonianze, Nocera Inferiore 2013, pp. 157-158, ISBN 978-88-902535-9-1.",http://dati.acs.beniculturali.it/mm/local/,http://dati.acs.beniculturali.it/media/bm/wtmk/ACS_011/P000296_138001-138201/WEB/138001-138201_0210.jpg,,,Si,"Supermercato, Pub, Altre aziende, Istituto Alberghiero, Insediamento per civili abitazioni"
Nocera Inferiore,,,140084,ALFONSO ESPOSITO,1957/12/21,1958/12/02,Roma,La Gustosa,Agro alimentare,No,Contemporaneo,,,,,,http://dati.acs.beniculturali.it/mm/local/,,,,,
Nocera Inferiore,Merichi,,142804,GABRIELE GAMBARDELLA & FIGLI,1958/05/09,1959/04/10,Roma,Pine,Agro alimentare,Si,Contemporaneo,il marchio è stato depositato a colori è presente un Pineto e sopra un pomodoro.,,,"{""type"":""FeatureCollection"",""features"":[{""type"":""Feature"",""geometry"":{""type"":""Polygon"",""coordinates"":[[[14.636934995069169,40.749348644167185],[14.636248349561356,40.74926281347871],[14.634601473226212,40.749085787683725],[14.633855819120072,40.74901068583131],[14.633979200734757,40.74819529429079],[14.634950160398148,40.748275760561235],[14.635062813176773,40.74785733595491],[14.636049866094254,40.74791098013521],[14.637176393880509,40.74819529429079],[14.636934995069169,40.749348644167185]]]},""properties"":null},{""type"":""Feature"",""geometry"":{""type"":""Polygon"",""coordinates"":[[[14.63716566504445,40.74822211638094],[14.637171029462479,40.74822211638094],[14.637171029462479,40.74822211638094],[14.63716566504445,40.74822211638094]]]},""properties"":null}]}","R. Vitolo, M. Stanzione (eds.), Capitani d'industrua, in Com'eravamo. Un secolo di vita a Nocera Inferiore tra ricordi immagini testimonianze, Nocera Inferiore 2013, pp. 157-158, ISBN 978-88-902535-9-1.",http://dati.acs.beniculturali.it/mm/local/,http://dati.acs.beniculturali.it/media/bm/wtmk/ACS_012/P000320_142801-143001/WEB/142801-143001_0007.jpg,,,Si,Parcellizzata e trasformata in altre aziende
Nocera Inferiore,Casolla,"Via Michele Pironti, 5",147585,DITTA ANTONIO GALANO - IND. CONSERVE ALIMENTARI,1959/02/28,1960/02/22,Salerno,Diga,Agro alimentare,Si,Contemporaneo,il marchio è stato depositato a colori e presenta un gruppo di pomodori al colore naturale,,,"{""type"":""FeatureCollection"",""features"":[{""type"":""Feature"",""geometry"":{""type"":""Polygon"",""coordinates"":[[[14.6529776067473,40.74234052444808],[14.653114399407059,40.74163778568618],[14.652443847153336,40.741619010223076],[14.652382156345993,40.74102355982177],[14.650689682457596,40.741050381911926],[14.650874754879624,40.74237002874725],[14.651285132858904,40.742359299911186],[14.651472887489946,40.7424344017636],[14.652062973473223,40.742490728152916],[14.652092477772387,40.742265422595665],[14.6529776067473,40.74234052444808]]]},""properties"":null}]}","R. Vitolo, M. Stanzione (eds.), Capitani d'industrua, in Com'eravamo. Un secolo di vita a Nocera Inferiore tra ricordi immagini testimonianze, Nocera Inferiore 2013, pp. 157-158, ISBN 978-88-902535-9-1.",http://dati.acs.beniculturali.it/mm/local/,http://dati.acs.beniculturali.it/media/bm/wtmk/ACS_013/P003014_147401-147600/WEB/147401-147600_0009.jpg,http://dati.acs.beniculturali.it/media/bm/wtmk/ACS_013/P003014_147401-147600/WEB/147401-147600_0010.jpg,,Si,Parcellizzata e trasformata in altre aziende
Nocera Inferiore,Casolla,"Via Michele Pironti, 5",147406,DITTA ANTONIO GALANO - INDUSTRIA CONSERVE ALIMENTARI,1959/02/28,1960/02/18,Salerno,Diga,Agro alimentare,Si,Contemporaneo,"Il marchio è stato depositato a colori al centro è presente la scritta ''DIGA, CONSERVE ALIMENTARI'' a sinistra è presente il disegno di una vera diga e a destra un gruppo di pomodori",,,"{""type"":""FeatureCollection"",""features"":[{""type"":""Feature"",""geometry"":{""type"":""Polygon"",""coordinates"":[[[14.6529776067473,40.74234052444808],[14.653114399407059,40.74163778568618],[14.652443847153336,40.741619010223076],[14.652382156345993,40.74102355982177],[14.650689682457596,40.741050381911926],[14.650874754879624,40.74237002874725],[14.651285132858904,40.742359299911186],[14.651472887489946,40.7424344017636],[14.652062973473223,40.742490728152916],[14.652092477772387,40.742265422595665],[14.6529776067473,40.74234052444808]]]},""properties"":null}]}","R. Vitolo, M. Stanzione (eds.), Capitani d'industrua, in Com'eravamo. Un secolo di vita a Nocera Inferiore tra ricordi immagini testimonianze, Nocera Inferiore 2013, pp. 157-158, ISBN 978-88-902535-9-1.",http://dati.acs.beniculturali.it/mm/local/,http://dati.acs.beniculturali.it/media/bm/wtmk/ACS_013/P003014_147401-147600/WEB/147401-147600_0204.jpg,,,Si,Parcellizzata e trasformata in altre aziende
Nocera Inferiore,Corso Vittorio Emanuele/ Via Atzori,,152312,CARMINE DELLO IOIO,1959/04/10,1960/11/24,Salerno,Il bersagliere,Dolciario,No,Contemporaneo,Il marchio non è a colori ed ha la forma di un gelato.,,Nasce dalla trasformazione della Pentagelo. Esistente,"40.76707049156539,14.657384476158768",,http://dati.acs.beniculturali.it/mm/local/,http://dati.acs.beniculturali.it/media/bm/wtmk/ACS_014/P003038_152201-152400/WEB/152201-152400_0123.jpg,,,No,
Nocera Inferiore,Corso Vittorio Emanuele/ Via Atzori,,149826,CARMINE DELLO IOIO,1959/06/01,1960/06/23,Salerno,Non inserito,Dolciario,No,Contemporaneo,,,Nasce dalla trasformazione della Pentagelo. Esistente,"40.76707049156539,14.657384476158768",,http://dati.acs.beniculturali.it/mm/local/,http://dati.acs.beniculturali.it/media/bm/wtmk/ACS_013/P003026_149801-150000/WEB/149801-150000_0029.jpg,http://dati.acs.beniculturali.it/media/bm/wtmk/ACS_013/P003026_149801-150000/WEB/149801-150000_0030.jpg,,No,
Nocera Inferiore,Casolla,,151771,DITTA ESPOSITO & BENEVENTO,1959/07/16,1960/11/09,Roma,Tigre,Agro alimentare,No,Contemporaneo,,,,,"R. Vitolo, M. Stanzione (eds.), Capitani d'industrua, in Com'eravamo. Un secolo di vita a Nocera Inferiore tra ricordi immagini testimonianze, Nocera Inferiore 2013, pp. 157-158, ISBN 978-88-902535-9-1.",http://dati.acs.beniculturali.it/mm/local/,http://dati.acs.beniculturali.it/media/bm/wtmk/ACS_014/P003035_151601-151800/WEB/151601-151800_0184.jpg,,,,
Nocera Inferiore,Corso Vittorio Emanuele/ Sant'Angelo in Grotta,"via Atzori, 174",154313,S.P.A. GABOLA - PASTE ALIMENTARI DI LUSSO,1959/11/26,1961/03/31,Salerno,Non inserito,Mulini e pastifici,No,Contemporaneo,,,,,,http://dati.acs.beniculturali.it/mm/local/,http://dati.acs.beniculturali.it/media/bm/wtmk/ACS_014/P003048_154201-154400/WEB/154201-154400_0117.jpg,http://dati.acs.beniculturali.it/media/bm/thmb/ACS_014/P003048_154201-154400/WEB/154201-154400_0118.jpg,,Si,Trasformata in scuola
Nocera Inferiore,,,159284,RICCARDO FORINO,1960/04/14,1962/05/21,Roma,La Pompeiana,Agro alimentare,Si,Contemporaneo,Una donna pompeiana con abiti tradizionali e una giara in mano.,http://www.forinomediazione.com/,,,"R. Vitolo, M. Stanzione (eds.), Capitani d'industrua, in Com'eravamo. Un secolo di vita a Nocera Inferiore tra ricordi immagini testimonianze, Nocera Inferiore 2013, pp. 157-158, ISBN 978-88-902535-9-1.",http://dati.acs.beniculturali.it/mm/local/,http://dati.acs.beniculturali.it/media/bm/wtmk/ACS_015/P003073_159202-159401/WEB/159202-159401_0092.jpg,,,,
Nocera Inferiore,Casolla,,160478,LA CONSERVIERA MERIDIONALE S.P.A.,1960/05/31,1962/10/27,Roma,Ominira,Agro alimentare,Si,Contemporaneo,,,,,"R. Vitolo, M. Stanzione (eds.), Capitani d'industrua, in Com'eravamo. Un secolo di vita a Nocera Inferiore tra ricordi immagini testimonianze, Nocera Inferiore 2013, pp. 157-158, ISBN 978-88-902535-9-1.",http://dati.acs.beniculturali.it/mm/local/,http://dati.acs.beniculturali.it/media/bm/wtmk/ACS_015/P003079_160401-160600/WEB/160401-160600_0083.jpg,,,,
Nocera Inferiore,Merichi,,161872,GABRIELE GAMBARDELLA & FIGLI,1960/07/09,1963/07/13,Roma,La Romanella,Agro alimentare,Si,Contemporaneo,,,,"{""type"":""FeatureCollection"",""features"":[{""type"":""Feature"",""geometry"":{""type"":""Polygon"",""coordinates"":[[[14.636934995069169,40.749348644167185],[14.636248349561356,40.74926281347871],[14.634601473226212,40.749085787683725],[14.633855819120072,40.74901068583131],[14.633979200734757,40.74819529429079],[14.634950160398148,40.748275760561235],[14.635062813176773,40.74785733595491],[14.636049866094254,40.74791098013521],[14.637176393880509,40.74819529429079],[14.636934995069169,40.749348644167185]]]},""properties"":null},{""type"":""Feature"",""geometry"":{""type"":""Polygon"",""coordinates"":[[[14.63716566504445,40.74822211638094],[14.637171029462479,40.74822211638094],[14.637171029462479,40.74822211638094],[14.63716566504445,40.74822211638094]]]},""properties"":null}]}","R. Vitolo, M. Stanzione (eds.), Capitani d'industrua, in Com'eravamo. Un secolo di vita a Nocera Inferiore tra ricordi immagini testimonianze, Nocera Inferiore 2013, pp. 157-158, ISBN 978-88-902535-9-1.",http://dati.acs.beniculturali.it/mm/local/,http://dati.acs.beniculturali.it/media/bm/thmb/ACS_015/P003091_161801-161900/WEB/161801-161900_0081.jpg,http://dati.acs.beniculturali.it/media/bm/thmb/ACS_015/P003091_161801-161900/WEB/161801-161900_0082.jpg,,Si,Parcellizzata e trasformata in altre aziende
Nocera Inferiore,,,168243,DITTA GIUSEPPE CELENTANO SOCIETA' DI FATTO,1960/07/27,1965/02/18,Salerno,La Migliore,Agro alimentare,Si,Contemporaneo,Marchio depositato a colori e presenta uno sfondo nero. al centro è presente al sole e ai suoi estremi sono presenti due gruppi di pomodori.,,Incerto,"40.74155731941573,14.632442614529282",,http://dati.acs.beniculturali.it/mm/local/,http://dati.acs.beniculturali.it/media/bm/wtmk/ACS_017/P003155_168201-168300/WEB/168201-168300_0089.jpg,,,Si,Parcellizzata e trasformata in altre aziende
Nocera Inferiore,Cicalesi,via Cicalesi,168328,MEMOLI SOC. IN NOME COLLETTIVO,1960/10/05,1965/02/27,Napoli,Guagliò,Agro alimentare,No,Contemporaneo,i marchi sono due un ragazzino che sorride e un gruppo di pomodori.,,si conserva parte della ciminiera,"40.75113725848496,14.634358882613014","R. Vitolo, M. Stanzione (eds.), Capitani d'industrua, in Com'eravamo. Un secolo di vita a Nocera Inferiore tra ricordi immagini testimonianze, Nocera Inferiore 2013, pp. 157-158, ISBN 978-88-902535-9-1.",http://dati.acs.beniculturali.it/mm/local/,http://dati.acs.beniculturali.it/media/bm/wtmk/ACS_017/P003156_168301-168400/WEB/168301-168400_0058.jpg,,,Si,Abbattuta per la costruzione di civili abitazioni
Nocera Inferiore,Merichi,,169962,DITTA SPINELLI FRANCESCO,1961/06/16,1965/05/31,Roma,Spinelli,Agro alimentare,No,Contemporaneo,Il marchio è depositato a colori e presenta sullo sfondo i colori rosso e giallo la scritta '' spinelli'',,,"{""type"":""FeatureCollection"",""features"":[{""type"":""Feature"",""geometry"":{""type"":""Polygon"",""coordinates"":[[[14.636946043465286,40.74935181881302],[14.63661881396547,40.74984534527176],[14.636511525604874,40.749904353870086],[14.636396190617234,40.749931175960235],[14.633770307991654,40.749475200427696],[14.632893225643784,40.74938936973922],[14.632866403553635,40.74904604698531],[14.633834681008011,40.74909432674758],[14.63386150309816,40.7490433647763],[14.634435495827347,40.74908628012054],[14.6344810933806,40.74908896232955],[14.6344810933806,40.749123831046745],[14.635457417462021,40.749217708362266],[14.636946043465286,40.74935181881302]]]},""properties"":null}]}","R. Vitolo, M. Stanzione (eds.), Capitani d'industrua, in Com'eravamo. Un secolo di vita a Nocera Inferiore tra ricordi immagini testimonianze, Nocera Inferiore 2013, pp. 157-158, ISBN 978-88-902535-9-1.",http://dati.acs.beniculturali.it/mm/local/,http://dati.acs.beniculturali.it/media/bm/wtmk/ACS_017/P003172_169901-170000/WEB/169901-170000_0083.jpg,,,Si,Parcellizzata e trasformata in altre aziende