NOME,LOCALITAˈ,TIPOLOGIA,GEOLOCALIZZAZIONE,DESCRIZIONE,NOTE,URL IMMAGINE
Limone Costa d'Amalfi I.G.P.,"Amalfi, Cetara, Conca dei Marini, Furore, Maiori, Minori, Positano, Praiano, Ravello, Scala, Tramonti, Vietri sul Mare",Prodotto tipico,"40.63441246747971,14.602812230587006","Il nome della varietà Sfusato Amalfitano, che dà luogo alla Indicazione Geografica Protetta ""Limone Costa d'Amalfi"", racchiude due caratteristiche importanti: la forma affusolata del frutto, da cui il termine ""sfusato"", e la zona in cui si è venuto, col tempo, a differenziare: la Costiera Amalfitana. Il ""Limone Costa d'Amalfi"" IGP è un prodotto dalle caratteristiche molto pregiate e rinomate: la buccia è di medio spessore, di colore giallo particolarmente chiaro, con un aroma e un profumo intensi grazie alla ricchezza di oli essenziali e terpeni (carattere ritenuto di pregio per la produzione del liquore di limoni). La polpa è succosa e moderatamente acida, con scarsa presenza di semi. E' inoltre un limone di dimensioni medio-grosse (almeno 100 grammi per frutto). L'Indicazione Geografica Protetta (I.G.P.) ""Limone Costa d'Amalfi"" è stata riconosciuta, ai sensi del Reg. CE n. 2081/92, con Regolamento (CE) n. 1356 del 4.07.2001 (pubblicato sulla GUCE n. L 182 del 5 luglio 2001).",,http://spod.databenc.it/ethersheet/images/ae8a366d-e0fa-405c-8d1e-882d84b56df8/Limone_di_Sorrento.jpg
Delizia al limone,"Amalfi, Cetara, Conca dei Marini, Furore, Maiori, Minori, Positano, Praiano, Ravello, Scala, Tramonti, Vietri sul Mare",Prodotto tipico,"40.633594393730164,14.60260570049286","La delizia al limone è un dolce relativamente giovane rispetto alla maggior parte di quelli facenti parte della tradizione dolciaria campana; originario delle due costiere, quella Sorrentina e quella Amalfitana, è stato, infatti, inventato negli anni '70. Si presenta come un piccolo dolce di pan di Spagna rivestito e ripieno di panna e crema al limone. Si ottiene realizzando una pasta tipo bignè, di grandezza variabile a secondo delle zone che, una volta cotta in forno, viene riempita con una crema realizzata con latte, farina, tuorli d'uovo, limoni, zucchero, panna, e guarnita con la stessa crema al limone e con panna montata. è un dolce che va consumato freschissimo e non può essere conservato per un tempo superiore alle tre ore; per lo più viene offerto in occasioni festive, come per esempio i matrimoni, dove molto spesso sostituisce la torta.",,http://spod.databenc.it/ethersheet/images/ae8a366d-e0fa-405c-8d1e-882d84b56df8/Delizia_al_limone.jpg
Liquore concerto,Tramonti,Prodotto tipico,"40.6997332,14.6415366","E' uno dei rosoli più antichi della Costiera Amalfitana, di origine ultrasecolare e per tradizione attribuito all'inventiva dei Monaci del Convento di San Francesco di Tramonti. Di colore scuro con una gradazione alcolica di circa 30º e dalle spiccate proprietà digestive. E' prodotto solo da alcuni laboratori artigianali, normalmente è preparato a livello casalingo. Ottenuto dalla macerazione in alcool per 40 giorni di un ""concerto"" da qui il suo nome, di 15 tra erbe e spezie, tra cui : liquirizia, finocchietto, chiodi di garofano, noce moscata, cannella, stella alpina, mentuccia ed altre ancora, la cui combinazione è gelosamente custodita dalle anziane e dai monaci, in particolare di Tramonti e Maiori.",,http://spod.databenc.it/ethersheet/images/ae8a366d-e0fa-405c-8d1e-882d84b56df8/Progetto senza titolo (2).png
Fusillo furitano,Minori,Prodotto tipico,"40.650551319122314,14.626602083444595","I ""ricci"" o ""riccioli"", anche detti ""fusilli furitani"", quando sono più lunghi, sono una specialità della costiera Amalfitana e di Minori, nel salernitano. è un tipo di pasta di forma cilindrica avvolta a spirale, di lunghezza compresa tra gli 8 ed i 13 cm. Si ottiene da un impasto di farina di semola di grano duro, acqua ed un pizzico di sale. Il procedimento di lavorazione prevede l'aggiunta alla farina, disposta a fontana sul tavolo da lavoro, degli altri ingredienti che vengono impastati a lungo ed energicamente. Si procede, poi ad affusolare la pasta, che, raggiunto lo spessore di circa 0,5 cm, e la lunghezza di circa 16-26 cm, si deve dividere in bastoncini che vanno ulteriormente lavorati con l'aiuto di un ferro tondo finissimo. Il bastoncino di pasta va arrotolato intorno al ferro per più di metà della sua lunghezza, poi, alzando il fuso con il fusillo vicino e prendendo con l'altra mano l'estremità della pasta, si fa girare in maniera rapida fino ad avvolgere la restante pasta attorno al fusillo. Al termine della lavorazione i fusilli furitani, si adagiano su di un leggero letto di farina di semola di grano duro per evitare che si attacchino tra loro. La produzione del fusillo furitano risulta una tradizione consolidata, almeno centennale, che ha conservato nel tempo la particolare manualità ottenuta dall'esperienza. è un tipo di pasta versatile, di per sé molto saporita, che sposa bene con i sughi di carne, di pesce e crostacei, anche con la semplice salsa di pomodoro fresco. Oggi i ricci non sono presenti solo sulle tavole delle famiglie che continuano a prepararli secondo l'antica ricetta, ma, sempre prodotti artigianalmente, si possono acquistare nelle botteghe di Minori e nelle zone limitrofe o gustare nei ristoranti del luogo conditi, anche con il ragù di salsicce.",,http://spod.databenc.it/ethersheet/images/ae8a366d-e0fa-405c-8d1e-882d84b56df8/fusilli-1041100_1280.jpg
Ndunderi,Minori,Prodotto tipico,"40.652708,14.624941","Col nome di ndunderi si indica un tipo di pasta fatta a mano tipica di Minori, in provincia di Salerno. La ricetta degli ndunderi, utilizzati tradizionalmente per i festeggiamenti in onore di Santa Trofimena, è antichissima, pare che sia una variante delle ""palline latine"" di origine romana, un alimento a base di ""farina caseata"" cioè farro e latte cagliato. Furono i pastai di Minori a modificarne la ricetta, gli stessi che, nel ‘700, valicarono i monti lattari per trasferirsi a Gragnano dove impiantarono la moderna industria della pasta. La ricetta attuale prevede un impasto di farina e latte cagliato oppure ricotta, tuorli d'uovo, formaggio di vacca grattugiato, sale, pepe e noce moscata; la lavorazione deve avvenire a mano, l'impasto va ridotto in un lungo cordone, non troppo sottile, e poi tagliato a tocchetti che vanno resi concavi dalla leggera pressione di un dito o di due dita a seconda della grandezza stabilita. Dopo, i tocchetti si fanno scivolare sulla concavità di una grattugia, su una forchetta, o su un'apposita tavoletta rigata detta ""pettine"". Il condimento privilegiato per gli ndunderi è il ragù di carne.",,http://spod.databenc.it/ethersheet/images/ae8a366d-e0fa-405c-8d1e-882d84b56df8/18721305_10211478306570096_1522314104_o.jpg
Marrone di Scala,Scala,Prodotto tipico,"40.6536142,14.6077924","Il comune di Scala, in provincia di Salerno, arroccato sulla parte montana della Costiera Amalfitana è rinomato per la coltivazione di una particolare varietà di castagno a cui dà il nome. I frutti, benché chiamati marroni, sono più propriamente castagne, poiché a differenza dei marroni non sono molto grandi e sono schiacciate da un lato. La polpa è bianca e la buccia è sottile con l'episperma poco approfondito. Vengono utilizzati dai laboratori artigianali per produzioni dolciarie o venduti sul mercato del fresco, soprattutto in costiera Amalfitana e nella città di Salerno.",,http://spod.databenc.it/ethersheet/images/ae8a366d-e0fa-405c-8d1e-882d84b56df8/Marroni_.jpeg
Liquore di limone Costa d'Amalfi,Amalfi,Prodotto tipico,"40.63530564308167,14.60184931755066","La denominazione «Liquore di Limone della Costa d'Amalfi» è riservata esclusivamente al liquore ottenuto mediante la macerazione a freddo in alcole etilico di scorze di limoni ascrivibili all'Indicazione geografica protetta «Limone Costa d'Amalfi», riferibile all'ecotipo «Sfusato Amalfitano» derivante dal Femminello Sfusato.",,http://spod.databenc.it/ethersheet/images/ae8a366d-e0fa-405c-8d1e-882d84b56df8/Limoncello.jpg
Colatura di alici di Cetara,Cetara,Prodotto tipico,"40.6482139,14.7004154","Cetara è un antico borgo di pescatori in provincia di Salerno, ancora oggi caratterizzato da un'economia concentrata sulla pesca e sull'artigianato. A Cetara continua a essere presente nella tradizione culinaria, la colatura di alici, erede del Garum, un piatto descrittoci da Plinio e Orazio come una salsa di pesce cremosa che veniva ottenuta facendo macerare strati alternati di pesci piccoli e interi, probabilmente alici e pesci più grandi tagliati a pezzetti, forse sgombri o tonni, con strati di erbe aromatiche tritate, tutto ricoperto da sale grosso. La colatura di alici che viene prodotta a Cetara è un liquido ambrato ottenuto seguendo un antico procedimento che i pescatori del luogo si sono tramandati di padre in figlio. Si parte dalla tecnica di lavorazione delle alici sotto sale, di cui la colatura è un derivato: le alici appena pescate, in tutto il periodo primaverile, vengono private della testa e delle interiora e poi adagiate in un contenitore, cosparse di sale marino abbondante per 24 ore. Dopo la prima salatura, vengono messe in una piccola botte, il terzigno, e sistemate con la classica tecnica ‘'testa-coda'' a strati alterni di sale. Completato il lavoro, il terzigno viene coperto con un disco in legno, sul quale si collocano dei pesi. Per effetto della pressatura e della maturazione del pesce, il liquido secreto dalle alici comincia ad affiorare in superficie. è questo liquido l'elemento base per la colatura: raccolto progressivamente man mano viene inserito in grandi bottiglie di vetro ed esposto a fonte di luce diretta del sole per circa quattro o cinque mesi, perché evapori l'acqua e aumenti la concentrazione cosicché, in genere fra la fine del mese di ottobre e gli inizi di novembre, tutto è pronto per l'ultima fase: il liquido raccolto e conservato viene versato nuovamente nel terzigno dove le alici sono rimaste in maturazione. Così, colando lentamente attraverso i vari strati dei pesci, ne raccoglie il meglio delle caratteristiche organolettiche. Viene recuperato attraverso un foro praticato appositamente nel terzigno, trasferito in un altro recipiente e filtrato con l'uso di teli di lino, chiamati cappucci. Il risultato finale è un distillato limpido di colore ambrato carico, quasi bruno-mogano, dal sapore deciso e corposo che a Cetara è il tradizionale condimento per gli spaghetti delle vigilie, oltre che per le bruschette, i broccoli di Natale e altre verdure: tradizionalmente considerato un cibo povero, sostitutivo del pesce fresco, oggi è un condimento ricercatissimo e apprezzato a tutti i livelli.",,http://spod.databenc.it/ethersheet/images/ae8a366d-e0fa-405c-8d1e-882d84b56df8/Spaghetti_di_Gragnano_e_colatura_di_alici.jpg
Sfogliatella Santa Rosa,Conca dei Marini,Prodotto tipico,"40.618907,14.56784","Circa 400 anni fa una monaca convento di clausura di Santa Rosa a Conca dei Marini, in provincia di Salerno, preparando il biancomangiare, un dolce composto da semola cotta nel latte, sbagliò le dosi e decise di sperimentare una nuova creazione: aggiunse all'impasto alcune gocce di limoncello, dei pezzi di susine, albicocche e pere disseccate. Pose, poi, il composto fra due ""pettole"" cioè pezzi di pasta di pane insaporita con mezzo bicchiere di vino, strutto e dello zucchero e alla fine pose la ""grandissima sfogliata"" nel forno molto caldo ed attese che si indorasse. La Badessa apprezzò molto la nuova ricetta e dispose che il dolce fosse intitolato alla santa fondatrice dell'ordine, Santa Rosa, e che fosse preparato ogni 30 agosto in occasione della festa della santa. La Santa Rosa si componeva, dunque, di molteplici e sottili sfoglie sovrapposte, era confezionato a forma di conchiglia o cappuccio, e arricchito da un cordone di crema e di marmellata di amarena. La dolce ricetta trapelò dal convento intorno al 1800 e, con alcune variazioni, come, ad esempio, un ridimensionamento della forma, la sostituzione dei frutti secchi con i canditi e l'eliminazione della crema pasticciera, divenne la specialità di un osteria del cuore della città e prese il nome di sfogliatella. Da allora l'osteria che aveva trasformato la Santa Rosa in sfogliatella si trasformò lei stessa in un laboratorio dolciario specializzato in sfogliatelle e la ricetta del dolce si diffuse in tutte le pasticcerie della la città, sia nella sua variante riccia che in quella frolla.",,http://spod.databenc.it/ethersheet/images/ae8a366d-e0fa-405c-8d1e-882d84b56df8/Sfogliatella_Santarosa.jpg
Chiesa della Santissima Trinità,Tovere di Amalfi,Chiesa rupestre,"40.63833922147751,14.60433304309845","La chiesa della Santissima Trinità faceva capo ad un antico insediamento rupestre della costiera amalfitana, un complesso molto ampio di grotte basiliane. La chiesa, della quale si hanno notizie in un documento del 1138, occupa una cavità terrazzata da un muro di contenimento e si presenta come un unico vano vagamente rettangolare e triabsidato. Delle strutture interne sopravvive un sedile in muratura assieme ai resti di un pavimento in battuto di lapillo. A differenza di altri complessi  simili, anche al di fuori della costa d’Amalfi, sono quasi del tutto assenti decorazioni pittoriche, fatte salve delle tracce di colore rosso sulla parte inferiore di due absidi. Sia all’esterno della chiesa rupestre che all’interno di altri ipogei è stata rilevata la presenza di alcune casse in muratura: forse tombe o, più semplicemente, vasche per la raccolta dell’acqua piovana ad uso degli eremiti.",Raggiungibile solo a piedi,
Grotta dei Santi,Atrani,Chiesa rupestre,"40.63481479883194,14.605274498462677","Della piccola grotta dei Santi, in mancanza di notizie storiche, si è portati a supporre che possa trattarsi del cenobio rupestre benedettino dei Santi Quirico e Giulitta fondato nel 986 e successivamente trasformato nel monastero femminile di Santa Maria Dominarum. La cavità, il cui ingresso è contornato da uno degli archi di sostegno d’un antico canale idrico, non presenta strutture murarie ed è particolarmente caratterizzata da affreschi che, sia pure di modesta qualità pittorica, rappresentano un interessante impianto iconografico, vagamente bizantineggiante e di difficile datazione, con la raffigurazione di vari Santi, da cui la denominazione. Per quanto non tutti perfettamente identificabili a causa del pessimo stato di conservazione, è possibile distinguere le figure dei quattro Evangelisti e di san Giorgio, vividamente accentuate da colori intensi come il rosso, l’azzurro, l’arancione ed il verde.",raggiungibile solo a piedi,
Grotta di San Michele,Atrani,Chiesa rupestre,"40.63752919435501,14.608096182346344","Questa grotta è situata nella parte orientale dell’abitato di Atrani alle pendici del Colle Civita, a circa 105 m di quota. La chiesa di San Michele Arcangelo, chiamata anche di San Michele fuori le Mura proprio perché situata all’esterno dell’antica cinta muraria, in prossimità della porta nord, è stata realizzata tra l’XI ed il XII secolo ricavandola da una cavità naturale del monte Civita. Una rampa di scale, alla cui sommità è posto il campanile, consente l’accesso alla chiesa caratterizzata dalle pareti inclinate della roccia e per lo più occupate da tombe. La chiesa infatti, fino al 1927, era adibita a cimitero ed era già stato un luogo di sepoltura collettiva in occasione della pestilenza del 1656.",percorso escursionistico,
Grotta di Santa Barbara a Furore,Furore,Chiesa rupestre,"40.6238579750061,14.539176821708681","La grotta di Santa Barbara è situata poco lontano dal centro abitato. Fu costruita in una cavità naturale in un momento non ben precisabile ed ormai è ne restano solo ruderi. La struttura è a tre navate, absidata, con chiari interventi strutturali nel XIX secolo.La decorazione pittorica meglio conservata presenta una Madonna con Bambino tra due monaci, inserita tra due colonne con capitelli corinzi che sostengono una struttura architettonica a timpano.A destra dell’entrata un campanile a pianta quadrata completava il complesso religioso.La grotta sottostante la chiesa contiene resti di pitture non più leggibili, ma forse dovette costituire il primo insediamento cultuale. Attualmente il sito non è raggiungibile da Furore ma solo da Agerola (NA), attraverso un sentiero poco agevole.",Percorso escursionistico - raggiungibile solo a piedi,
Santa Maria de Olearia,Maiori,Chiesa rupestre,"40.647967681288726,14.641690179705622","L’abbazia di Santa Maria de’ Olearia, l’antico complesso monastico eretto sul finire del X secolo da un gruppo di monaci basiliani e preziosa testimonianza dell’arte e dell’architettura altomedievale, si trova al riparo di una delle tante grotte naturali che costeggiano la strada tra Maiori ed Amalfi. Quando, nel 973, l’eremita Pietro e suo nipote Giovanni fondarono questa abbazia, Maiori, importante centro del ducato di Amalfi, già vantava la presenza attiva e contemplativa di diversi gruppi monastici. L’abbazia consta di tre cappelle sovrapposte: al livello più basso, la più antica, costruita nella roccia e, per questo, detta anche “rupestre” dove si possono ammirare gli affreschi raffiguranti la Vergine orante affiancata, secondo l’iconografia bizantina, da un Santo guerriero, probabilmente san Giorgio che, assieme agli altri scoperti nel 1868, costituiscono uno tra i più importanti gruppi di dipinti murali del primo medioevo realizzati in Campania. Salendo poi una breve rampa di scale, uno stretto corridoio conduce al primitivo anfratto dove gli eremiti avevano costruito le loro piccole celle. L’ambiente, in origine, era più grande di quello che attualmente è dato vedere dacché, nel corso dei secoli, alcune celle vennero utilizzate come camere funerarie, da qui il nome di “catacombe”. Al piano superiore si trova invece la seconda cappella, a due navate e al centro una colonna con base di tufo, le cui pareti sono squisitamente dipinte con scene del ciclo mariano. Dal sagrato un altro piccolo tratto di scale conduce all’ultima cappella, estremo rifugio dei monaci in cerca di solitudine, anche questa interamente affrescata con episodi della vita di san Nicola di Myra. Santa Maria de’ Olearia è uno di quei rari esempi di luogo sacro dove classicità e bizantinismo medievale riescono a confluire e convivere in maniera sublime.",percorso escursionistico - visite guidate,
Grotta della Madonna dell’Avvocata,Maiori,Chiesa rupestre,"40.653195977211,14.668926000595093","La grotta della Madonna dell’Avvocata o dell’Apparizione, a quota 900 metri della omonima montagna, è situata poco al disotto della chiesa (vi si accede attraverso una ripida scaletta) ed è nota, appunto, per l’apparizione della Vergine ad un pastore locale agli inizi del Cinquecento. Secondo la tradizione il pastore, divenuto eremita, su quel luogo avrebbe dapprima realizzato un piccolo altare e poi dato vita alla chiesetta ed al primitivo monastero. Protetta da un’inferriata pregevolmente lavorata, la minuscola cappella presenta, affrescata sul frontone e sotto la volta dell’altare, La cena degli Apostoli circondati da angioletti. Il cenobio, invece, originariamente dotato di poche cellette ma via via ampliato con l’arrivo di nuovi frati, nel 1663 è stato affidato ai camaldolesi ed è rimasto in funzione fino ai primi anni del 1800. Abbandonato e spogliato degli arredi sacri è stato successivamente utilizzato come avamposto militare.",Percorso escursionistico,
Grotta dell'Annunziata,Minori,Chiesa rupestre,"40.64837872982025,14.625741094350817","La grotta dell’Annunziata è sicuramente uno dei monumenti naturali più conosciuti della città e prima della costruzione della strada, essa si apriva direttamente sulla spiaggia, dominando l’estremità del paesaggio costiero cittadino. Secondo una fantasiosa ipotesi settecentesca, si è aperta nel 1119 a seguito di un terremoto. Al suo interno, poi, nel medioevo era stato edificato un edificio religioso, dedicato alla Santissima Annunziata in Cripta o de Grutta, con funzioni anche di ricovero per malati e viandanti, di cui rimane solo una parete provvista di archi con tracce di affreschi della Madonna del Soccorso. Verso il fondo della grotta, superato un cancello, vi è inoltre uno specchio di acqua dolce che finisce con l’accrescere il pregio naturalistico di questa grotta carsica.",parcheggio,
San Michele a Torello,Ravello,Chiesa rupestre,"40.64962327480316,14.61845487356186","In una frazione di Salerno, in località Torello, sorge, su un piccolo promontorio, la poco nota chiesa di San Michele a Torello, una interessante fabbrica a tre navate, terminante in altrettanti absidi, scandite da sei colonne, con capitelli di riutilizzo, preceduta da un portico sorretto da due robuste colonne classiche di reimpiego, sormontate da grossi capitelli corinzi, anch'essi riutilizzati. Ci si trova, dunque, davanti ad una sequenza vasta e disordinata di elementi, ai quali non è sempre facile dare una ragione cronologica convincente: inoltre, l'assenza di pezzi medievali confezionati ad hoc, rende problematico qualsiasi tentativo di datazione del complesso, complicata, peraltro, dalla mancanza di documenti antichi relativi all'edificio. Anche le colonnine disposte ai lati dell'abside centrale che rivelano, da parte dei costruttori, una compiaciuta esibizione di gusto quasi museale, sono, contrariamente a quanto è stato scritto dagli studiosi locali, pezzi antichi riutilizzati.  L'edificio dedicato all'arcangelo, oggi non più esistente, è ricordato per la prima volta in un documento relativo all'anno 1096. Da situare sull'attuale montagna denominata Cerreto, all'estremità del tenimento di Ravello, esso era ancora esistente nel 1231: più tardi se ne perde la memoria, ed oggi dell'edificio non ne sopravvivono neanche i ruderi, inglobati, con tutta probabilità, in qualche moderna costruzione.",traccia storica,
Sant' Angelo dell’Ospedale,Ravello,Chiesa rupestre,"40.65260052680969,14.612590223550797","Quella di Sant’Angelo dell’Ospedale è un’antica struttura di sosta per i pellegrini ora del tutto scomparsa che si trova  poco distante dal centro storico di Ravello, sul lato destro della strada che collega la chiesa di Santa Maria  Gradillo alla vicina piazza Fontana. La chiesa, già attestata in un documento del 1039, occupa una cavità naturale profonda una trentina di metri collegata ad un altro ambiente parallelo tramite un cunicolo ad U. L’edificio religioso presenta una facciata con profilo a capanna incorniciato da due colonne e, all’interno, è diviso in due ambienti rettangolari da un altare. Il vano più in fondo, sicuramente il primitivo luogo di culto, è costituito da un’abside e da pareti che si saldano alla roccia in maniera assai armonica. L’ambiente più esterno appartiene, invece, ad una fase più recente. Accanto alla piccola cappella vi è un campanile a quattro piani, non sempre comunicanti tra loro poiché in alcuni punti poggiano direttamente sulla roccia. Un’attenta lettura delle fasi edilizie lascia chiaramente prefigurare che la cavità sia stata utilizzata in un primo momento storico come eremo rupestre o laura, e solo successivamente, in coincidenza con l’ampliamento, trasformata in cenobio e luogo di sosta (hospitium) per i pellegrini.",Percorso escursionistico,
Grotta di San Michele Arcangelo,Tramonti,Chiesa rupestre,"40.691408067941666,14.63944047689438","Il primo documento che menziona la grotta di San Michele, situata a Gete di Tramonti, risale all'anno 1181. La struttura, che per stile architettonico ed impianto costruttivo può essere ascritta alla fine del XII secolo, si presenta con una pianta quadrata a due navate ed altrettante absidi, e si avvale di volte a crociera su archi ogivali poggianti su un pilastro e due colonne. L’arco d’ingresso è diviso in due parti, uno inferiore, originariamente destinato ad area sepolcrale, ed uno superiore finemente decorato con stelle di color ocra. La copertura si rifà alle tipiche architetture amalfitane.",Percorso escursionistico,
Torre Bellosguardo,Amalfi,Torre costiera,"40.633331537246704,14.600197076797485",Era situata nella località di Vagliendola. Si trattava di una torre di sbarramento su cui nel 1570 venne costruito la torre di Bellosguardo.,Chiamata anche torre Revigliano o Revellino. Epoca vicereale,
Torre Capo d'Atrani,Amalfi,Torre costiera,"40.633011, 14.606922","Torre di sbarramento a base circolare con beccatelli alla sommità. Permetteva di comunicare visivamente col castello, col nucleo urbano di Amalfi e con la torre di Vettica. La torre appare all'estremità meridionale del monte Aureo, ad est del centro urbano di Amalfi. In epoca ducale questo versante del litorale veniva protetto dal castello di Santa Croce o Rocca di Santa Sofia. Quando in epoca angioina furono rinforzate le difese marittime, all'estremità meridionale dell'antica Rocca di Santa Croce fu edificata la torre in prossimità del mare. Nel 1436 erano già in corso opere di restauro della torre di San Francesco. Lucio Santoro inquadra nel programma aragonese il potenziamento con una maggiore altezza della preesistente torre. La torre presenta un primo corpo a base circolare, con pareti a scarpata, suddiviso all'interno in due ambienti. Le pareti a scarpata terminano con un toro in travertino, probabilmente proveniente dalle cave di Vietri. La seconda parte della torre, sempre cilindrica ha le pareti esterne dritte con un coronamento formato da beccatelli in travertino, privi dell'archetto superiore.",Detta anche di San Francesco  per la presenza di un ex convento o del Tumulo. Epoca angioina,
Torre Capo di Vettica,Amalfi,Torre costiera,"40.619559, 14.581229","Si tratta di una torre di avvistamento, il cui impianto originario è stato modificato in seguito al decreto regio circa i piani di difesa costieri. Ristrutturata nel Novecento, la torre presenta a monte un terrapieno che arriva al secondo livello, l'ingresso avviene ad un livello intermedio, tra il secondo e quello della guardiola e vi si accede attraverso un ponticello in ferro. Dall'ingresso si dipartono, dentro lo spessore murario, due rampe di scale, quella ad oriente conduce al secondo livello, l'altra arriva al corpo della guardiola, suddiviso in due ambienti voltati a botte. Questo atipico sviluppo della scala, che in genere prevedeva una scala a doppia rampa, lascia intendere che la modifica sia avvenuta durante i lavori di ristrutturazione. La torre ha una tipologia a quattro troniere. Per lungo tempo, è stata di proprietà del produttore cinematografico Carlo Ponti che la regalò come dono di fidanzamento alla moglie Sophia Loren.",Sorge nella località di Capo di Vettica. Epoca vicereale,
Torre di Pogerola,Amalfi,Torre costiera,"40.635480, 14.597876","Sul monte Falconcello, sovrastante la parte occidentale di Amalfi, sorgeva l'ampio castello di Pigellula, che occupava parte dell'attuale villaggio di Pogerola. Le prime notizie risalgono al 1021. Il castello fu presidiato nel corso dei secoli, e i continui lavori di manutenzione ne preservarono l'efficienza. I duchi Piccolomini, dopo aver ricevuto il feudo di Amalfi nel 1461, restaurarono la torre del castello. Lo studio di Fiengo e Abbate inquadra la torre tra i modelli di età normanno-sveva, piuttosto che tra quelli angioini. La si può vedere percorrendo la via Sopramare fino al limite estremo del Monte.",Torre di avvistamento costruita direttamente su roccia.,
Torre di Atrani,Atrani,Torre costiera,"40.634082555770874,14.603458642959597",Si tratta di una torre di sbarramento costruita in epoca vicereale su una parte della struttura angioina del castrum Leonis. Sugli altri resti del castello fu edificata la chiesa della Maddalena. Il sito di impianto della torre si trovava dietro la tribuna della chiesa.,Detta anche torre della Maddalena o Revellino di Atrani.Epoca vicereale,
Torre di Atrani,Atrani,Torre costiera,"40.63329935073853,14.606674611568451","Costruita tra il 1544 e il 1549 .Questa torre, per la vicina Chiesa, è chiamata anche Torre di S. Francesco; è di epoca medievale adattata in età vicereale.Presenta una forma tozza, con basamento conico, corto corpo conico e cornice torica. Per armamento aveva due piccoli pezzi di bronzo. La torre fa parte dell’Hotel Luna e non è visitabile.",epoca vicereale,
Torre di Cetara,Cetara,Torre costiera,"40.64701348543167,14.703474193811417","Esaminando in particolare le due componenti, per quanto riguarda la torre angioina il progetto iniziale di un sistema difensivo costiero fu concepito e sviluppato in epoca medievale durante la dominazione angioina. L’evento che provocò questa decisione fu non solo il pericolo di incursioni corsare, ma lo scoppio della guerra del Vespro (1282-1302) nella Sicilia da cui partivano vascelli carichi di armati che minacciavano i centri della Costiera Amalfitana, mettendo in pericolo gli scambi commerciali. Come tutte le torri vicereali, anche quella di Cetara era priva di orientamenti esterni, se si esclude la primitiva merlatura terminale, ora scomparsa come le feritoie situate alla sommità, uniche aperture originarie nella massiccia muratura. È costituita da un corpo tronco-piramidale fino alla piazza, da cui si diparte un corpo più piccolo che forma la scudatura a monte, mentre lungo il perimetro di entrambi vi è un coronamento in controscarpa. La torre vicereale ha una pianta quadrata, a doppia altezza, con quattro troniere sul fronte mare e su quello posteriore; ai lati si trovano tre troniere in corrispondenza della piazza bassa e due sulla piazza alta. La prima piazza è posta ad una notevole altezza rispetto al livello del mare, +32 metri e a +12 metri dalla piazza della torre angioina. La seconda piazza è a +3.55 metri rispetto alla precedente. Un torrino laterale, il batti ponte, consentiva l’accesso probabilmente con un ponte levatoio, alla torre vicereale.","Epoca vicereale. La torre di Cetara ha una struttura molto articolata, frutto di una integrazione tra una torre cilindrica angioina ed una a doppia altezza vicereale. Le due costruzioni sovrapposte, però, conservano una loro leggibile autonomia.",
Torre di Conca,Conca dei Marini,Torre,"40.61195969581604,14.572146534919739",La torre di Conca è stata eretta nel XVI secolo a guardia e difesa contro le incursioni dei pirati e usata fino a non molto tempo fa come cimitero dagli abitanti di Conca dei Marini.,epoca angioina,
Torre Capo di Conca,Conca dei Marini,Torre costiera,"40.612369, 14.572744","Chiamata anche torre della Pigna o del Cimitero. Il Capo di Conca, insieme al Capo d'Orso, è uno dei punti fondamentali per le comunicazioni visive della costiera amalfitana. Il 19 aprile 1279 la torre di Capo di Conca è citata tra le cinque torri del golfo di Salerno a pianta circolare. Fu ripristinata e voluta più grande in epoca vicereale. La sua posizione, molto vicina al mare, indusse a dotarla di un presidio di cinque soldati. La tipologia della torre è a tre caditoie presenti su tutti e quattro i lati.",Epoca angioina,
Torre bianca,Conca dei Marini,Torre costiera,"40.618907,14.56784","La Torre del Capo di Conca, detta anche Torre Saracena o Torre Bianca, è un'antica torre di guardia cinquecentesca che sorge sul promontorio chiamato Capo di Conca. Fu fatta costruire dal viceré di Napoli Pedro de Toledo, a difesa del territorio contro le invasioni dei Turchi. Si scelse di erigerla su pianta quadrata anziché su pianta circolare, dal momento che, a partire da Carlo V in poi, la resistenza delle torri circolari, largamente impiegate in passato, fu messa in dubbio. La torre è composta da un'unica grande sala, al di sopra della quale sono situate due stanzette riservate alle guardie. Dopo la sconfitta dei Turchi a Lepanto la torre, come molte altre, perse di importanza e fu abbandonata al suo destino e usata a scopo cimiteriale a causa della bassa mortalità. La torre fu destinata a questo uso fino al 1949, finché fu restaurata dall'amministrazione comunale che ne è proprietaria. L’Amministrazione comunale, per preservare questa sua peculiarità ma allo stesso tempo desiderando un’adeguata e consona destinazione d’uso, ha deciso di renderla disponibile per eventi e manifestazioni culturali in genere, con una particolare attenzione alle celebrazioni di matrimoni civili per coppie di italiani o di stranieri.",Epoca vicereale,
Torre di Santo Stefano,Furore,Torre costiera,"40.6197019,14.5502062",Si trova tra Capo di Conca e Marina di Praia. E' una torre di sbarramento.,Epoca ignota,
Castello di San Nicola de Thoro - Plano,Maiori,Castello,"40.65683841705323,14.646636843681335","La fortificazione rappresenta uno dei luoghi più affascinanti da visitare per chiunque si trovi in Costiera Amalfitana. Risalente al IX secolo, è l’unica struttura ancora esistente a ricordaci che Amalfi era una repubblica Marinara.Secondo alcuni storici, la costruzione della rocca ebbe inizio poco dopo la morte del duca di Benevento, Sicardo, il quale aveva saccheggiato le contrade della costiera amalfitana. La struttura fu eretta attorno ad un’antica chiesa a tre navate dedicata a San Nicola de Thoro Plano. L’attuale edificio venne restaurato nel XV dai duchi Piccolomini, nominati nel 1461 feudatari del Ducato di Amalfi da Ferdinando I D’Aragona. La costruzione definitiva cominciò nel 1465 ed terminò nel 1468, costando alla città seimila ducati.",In Abbandono - Pericolo Crolli. Epoca bizantina,
Torre Badia,Maiori,Torre costiera,"40.63890382647515,14.669565707445145",Costruita nel 1570,Epoca vicerale,
Torre Badia,Maiori,Torre costiera,"40.639823, 14.668561",Torre di sbarramento a quattro troniere. Realizzata a seguito dell'ordine del vicerè Pedro Toledo nel 1532. Il 2 maggio 1567 erano in corso i lavori della fabbrica della torre di Ogliara.,Detta anche Santa Maria d'Ogliara o di S.Spirito. Epoca vicereale,
Torre La Torricella,Maiori,Torre costiera,"40.64935505390167,14.635532498359682","Torre di avvistamento a pianta circolare senza troniere. Realizzata per sopperire alla carenza visuale della torre del Tummolo, tra le più importanti dal punto di vista strategico in epoca angioina. Nel 1279 la torre di Capo d'Orso era annoverata tra le cinque torri presenti nel golfo di Salerno con pianta circolare.",Conosciuta anche col nome di Torretta di Capo d'Orso. epoca angioina,
Torre Lama del Cane,Maiori,Torre costiera,"40.636157, 14.672656","Torre di avvistamento a quattro e cinque troniere, sorge in una zona impervia della costiera amalfitana nei pressi della località di Capo d'Orso. Realizzata dopo il 1532, per ordine vicereale, ha una tipologia atipica rispetto alle altre torri vicereali, infatti, presenta cinque troniere sul fronte mare e  sul lato monte, e quattro sugli altri due lati.",Chiamata anche Americana o del Mortaro. epoca vicereale,
Torre dell'Angelo o Normanna,Maiori,Torre costiera,"40.644053, 14.647564","Torre di avvistamento a due piazze. La posizione della torre, situata quasi al livello del mare, è stata la causa fin dagli anni della sua edificazione di continui danni alle pareti esterne. La tipologia della torre corrisponde a quella a doppia altezza con il lato verso il mare caratterizzato in pianta da un semicerchio.",Detta anche della Formicola. epoca vicereale,
Torre della Marina,Maiori,Torre costiera,"40.648908,14.640141","Torre di sbarramento realizzata nel 1565 sul lato occidentale della foce del torrente Reginna Maior, nei pressi della torre della Trinità, più antica e situata più a nord.",Detta anche Torrione. Demolita. epoca vicereale,
Torre della Trinità,Maiori,Torre costiera,"40.648908,14.640141","Demolita. Quando in epoca vicereale fu attuato il piano difensivo costiero, nel territorio di Maiori esisteva già una torre chiamata della Trinità o di Revigliano, posta alla sinistra della foce del torrente Reginna Maio. Non più rispondente alle esigenze difensive, la torre fu abbandonata e sostituita da quella della Marina, più a sud.",Torre di sbarramento a base circolare,
Torre di Cesare,Maiori,Torre costiera,"40.642084, 14.657573","Torre di avvistamento con base quadrata e  cinque troniere. Formata da due ambienti, uno voltato a botte e l'altro presenta una volta a vele. Tipologicamente la torre corrisponde al tipo a cinque troniere con asola allungata a causa della notevole altezza della parete. Realizzata a seguito dell'ordine del vicerè Pedro Toledo nel 1532.",Detta anche torre di Acquarulo. epoca vicereale,
Torre di Lama del Cane,Maiori,Torre costiera,"40.63327789306641,14.680690169334412","La torre è parzialmente crollata; di epoca vicereale, a tre troniere, presenta un lato lungo 14 m.",In rovina. epoca vicereale,
Torre di Salicerchio,Maiori,Torre costiera,"40.64418777823449,14.648129492998123","Costruita tra il 1534-90, ben preservata",epoca vicereale,
Torre Tummolo,Maiori,Torre costiera,"40.633587, 14.691984","Torre di avvistamento con troniera sull'ingresso. Era una delle torri più importanti del sistema difensivo angioino, a pianta circolare e con mura a scarpata. L’antichissima costruzione, ormai in rovina, si estende su di un piccolo promontorio a picco sul mare, tra i comuni di Cetara e Maiori, poco prima della piccola frazione maiorese di Erchie.",Sorge nella località di Erchie; Castello in abbandono. epoca angioina,
Torre di Minori,Minori,Torre,"40.6534293293953,14.627070128917694",E' collocata al centro della cortina di case che un tempo fronteggiava l'arenile di Minori. Si configurava come una torre inserita nella cinta muraria. La tipologia si presenta con tre ambienti al piano terra e pareti molto spesse a scarpata.,Torre di sbarramento con quattro troniere. epoca vicereale. abitazione privata,
Torre Mezzacapo di Minori,Minori,Torre costiera,"40.647940, 14.633468","Detta anche dell'Annunziata per la vicinanza all'omonima grotta. Lucio Santoro la fa coincidere con la Torricella, costruita nel 1565. La mappa di Domenico de Rossi a riporta come torre dell'Ancora. La torre doveva avere un unico ambiente interno coperto da volta a botte, una cisterna, oggi non ispezionabile, doveva trovarsi al lato inferiore.",Torre di avvistamento a tre troniere. epoca vicereale,
Torre Paradiso,Minori,Torre costiera,"40.65016776323319,14.625391066074371","La Torre costiera detta del Paradiso venne costruita alla fine del XVI secolo e rappresentava, in quell'epoca, la più alta della cittadina. È del tipo canonico quadrato, con due caditoie intatte. Fu terminata nel 1595. Oggi è inglobata in un complesso assai caratteristico di abitazioni mentre alcuni secoli fa si elevava ancora in posizione isolata. E' una delle poche torri vicereali a presentare delle varianti rispetto ai rigidi dettami costruttivi della Regia Camera della Sommaria di Napoli.",Torre di sbarramento con una troniera a monte e quattro sul fronte mare. B&B. epoca vicereale,
Torre la Cerniola,Erchie,Torre costiera,"40.637341439723976,14.695607274770737","Ha pianta quadrata con coronamento superiore di quattro caditoie. La sua edificazione si deve agli editti di Don Pedro de Toledo (1532-33) e Don Parfan d'Aragona (1564). Costruita in pietra calcarea locale con volte a botte, è una delle torri meglio conservate della costiera amalfitana, avendo mantenuto intatta la sua forma e volumetria originaria ed essendo stata sottoposta a molteplici accurati interventi di restauro che ne hanno preservato l'integrità e la struttura originali ripetutamente minacciate sia dallo scorrere dei secoli che da alcune forti mareggiate.",La Cerniola è una delle prime torri che s'incontrano lungo la costa da Salerno a Positano. epoca vicereale. edificio per cerimonie ed eventi,
Torre del Castelluccio,Positano,Torre costiera,"40.580089, 14.430222","Pasquale Celentano di Positano fa richiesta di costruire la torre alla regina Giovanna I, dopo aver realizzato la torre del Gallo Lungo. Osservando i resti della torre si è ipotizzato che quest'ultima potesse riferirsi al periodo aragonese.",Situata sull'isola dei Briganti. epoca aragonese,
Torre di Renzo,Positano,Torre costiera,"40.626017, 14.496191",Torre di sbarramento senza troniere. Resti di un probabile torrione sono visibili sulle rocce che affiorano dal mare. Il muro si presenta con una configurazione a scarpata.,Il bastione si trova nella località di Arienzo. epoca vicereale,
Torre Sponda,Positano,Torre costiera,"40.627288, 14.491172","Perfettamente cilindrica e con base a scarpata. Una cornice di tufo grigio marca il punto di congiunzione dei due corpi di fabbrica. La base a scarpata ospitava la cisterna, invece la parte cilindrica gli ambienti voltati sovrapposti. E' la più esile per la dimensione degli ambienti e per lo spessore murario, infatti assolveva solo alla funzione di avvistamento e perciò si differenziava  dalle altre che invece erano di assalto. Nel XVI secolo, la struttura viene adattata al piano vicereale, che intendeva potenziare il sistema di difesa attraverso l'utilizzo di archibugi e piccoli pezzi di artiglieria. Viene così demolita metà della volta dell'ultimo livello e costruita una piazza scoperta sul fronte mare. Vengono poi create le tipiche troniere vicereali, di cui l'unica superstite è visibile sul lato occidentale. Un'altra piccola troniera è visibile sull'ingresso al piano della piazza situato a monte. Dopo l'acquisto, nel 1917, da parte di Giovanni Alfredo Pattinson la torre subì dei lavori di manutenzione, al fine di renderla più adatta all'uso abitativo.","La torre di avvistamento, realizzata in muratura di pietrame, si mostra nella tipica forma angioina. epoca angioina",
Torre Trasita,Positano,Torre costiera,"40.626685, 14.484225","Controllava i tratti di mare davanti alle spiagge del Fornillo e Grande. La torre ha una base circolare a scarpata, sormontata da un corpo cilindrico privo del coronamento superiore e mostra un parapetto spezzato sul terrazzo che ricorda vagamente le antiche merlature.Completamente trasformata per poter essere adattata ad abitazione privata, mostra elementi di matrice angioina. La prima notizia riguardante i lavori della torre risalgono al 1567. Quando la torre fu disarmata, nel 1758, il cannone di cui era armata fu trasportato a Napoli dal comandante del corpo di Artiglieria, Gennaro Russo. Nel 1817 la torre fu messa in vendita per la prima volta. Alla metà del Novecento, sui resti dell'antica torre, nacque una nuova costruzione, ridisegnata sulle linee architettoniche di quelle delle altre torri angioine presenti lungo la costa amalfitana.","Torre di sbarramento, detta anticamente Trasino, perchè situata tra due seni o spiagge. epoca angioina",
Torre del Fornillo,Positano,Torre costiera,"40.624354, 14.479819","Sorge su uno sperone roccioso a picco sul mare all'estremità occidentale dell'omonima spiaggia di Positano. Fu realizzata a seguito degli editti vicereali nel Cinquecento, e diversamente dalle altre, con una pianta a causa dell'area limitata. Nel corso dei secoli venne armata con la necessaria artiglieria per sbarrare il transito delle navi corsare. Nel 1909 viene venduta al professore svizzero Gilbert Clavel, il quale inizia una serie di lavori di ristrutturazione. Clavel seguiva il proprio istinto nell'impostare la costruzione, non aveva un progetto ben definito. La sua idea era quella di realizzare una struttura rivoluzionaria, svincolata dalle regole classiche dell'architettura. Intendeva realizzare un castello dal quale far compiere veri e propri voli al su spirito.Oggi l'edificio si presenta con una forma allungata, col lato corto verso il mare aperto. Si sviluppa su tre livelli ai quali Clavel aggiunse un quarto livello sotto la vecchia cisterna.",Torre di sbarramento detta anche Clavel. Situata sulla spiaggia di Fornillo.  epoca vicereale,
Torre dell'Isola Lunga Li Galli,Positano,Torre costiera,"40.582864, 14.434255","La torre di quest'isola permetteva di avvistare in anticipo l'arrivo dei corsari. La sua prima costruzione fu eretta con autorizzazione dei reali angioini da Pasquale Celentano di Positano, a sue spese, per ottenere la castellania. Quest'ultimo, completata la costruzione della torre, propose alla regina Giovanna di ampliare il sistema difensivo delle isole con l'innalzamento intorno al Gallo Lungo di un muraglione. Questi ultimi lavori rimasero incompiuti per la sopraggiunta morte del Celentano. Le isole De Li Galli, vennero acquiastate nel 1922 dal coreografo russo Massine, il quale, resa abitabile l'isola Longa, vi costruì la sua dimora. La torre è costituita da una cisterna, più un primo livello, a cui si aggiungono due livelli sopraelevati. In origine doveva essere costituita da 4 troniere.",Situata sull'isola Lunga De Li Galli. Torre di sbarramento. epoca angioina,
Torre Li Galli,Positano,Torre costiera,"40.582857728004456,14.434305131435394","Della torre oggi si è persa ogni traccia, ma è menzionata nella richiesta che Pasquale Celentano di Positano, nel 1343, presenta alla regina Giovanna per completare l'opera difensiva.",Situata sull'isola Rotonda De li Galli. epoca angioina,
Torre Assiola,Praiano,Torre costiera,"40.611290, 14.537955","Fu Carlo I d’Angiò a volere la costruzione della Torre Assiola. Della torre si hanno notizie già in un documento del 1270; in origine essa doveva avere un’altezza maggiore e subì adattamenti in epoca vicereale. La struttura ha una base tronco-conica, con coronamento in controscarpa e troniere a spatola; due ambienti, con volta a calotta, sovrapposti, costituivano lo spazio abitabile. I due vani comunicano attraverso una scala costruita nello spessore del muro perimetrale, che misura alla base 3,00 m e alla sommità 2,00 m. Il materiale da costruzione utilizzato è la pietra calcarea. L’eccessiva altezza della torre è, dagli studiosi, ricondotta al fatto che originariamente (in epoca angioina) essa serviva a controllare solo la baia sottostante dove si raccoglieva il corallo e che solo in epoca vicereale divenne torre di guardia.",Tra Vettica e Praiano sorge la torre dell'Assiola detta anche Sciola. epoca angioina,
Torre Grado,Praiano,Torre costiera,"40.611246, 14.537963","Si trova nella località di Rèttica. La tipologia della torre ricorda quelle già esistenti in epoca angioina, modificata poi in seguito in epoca vicereale con aggiunte, quali troniere e un corpo di fabbrica sul lato monte.","Torre di avvistamento, chiamata anche torre di Vettica o Grado di Vettica. epoca angioina",
Torre del Capo,Praiano,Torre costiera,"40.613429, 14.520806","Situata nella località di Vettica Maggiore. A base quadrata, aveva la funzione di proteggere la piccola spiaggia della Gavitella dall'attacco corsaro. Le prime notizie riguardanti i lavori della torre risalgono all'11 marzo 1567. La tipologia della torre si distacca da quella di matrice vicereale, infatti, non ha pareti a scarpata ma sono a piombo e le dimensioni sono modeste. Perfettamente quadrata alla base. L'interno è costituito da tre ambienti sovrapposti coperti da una volta a botte.","Torre di sbarramento con troniera. Chiamata anche torre Praiasciene, della Gavitella o dello Scaricatore. epoca vicereale",
Torre la Torricella,Praiano,Torre costiera,"40.607724, 14.529101","Situata sul Capo Sottile, a sud di Rèzzola. Dalla cima si domina verso est, la costa di Praiano fino al Capo di Conca, verso ovest tutta la costa di Positano. L'importanza del sito dal punto di vista del controllo determinò nel corso dei secoli la realizzazione di postazioni di vedetta. All'epoca del piano vicereale di difesa costiera, alcune strutture erano già esistenti su Capo Sottile, tanto da spingere a programmare non una torre ma un muro. Oggi sono visibili i resti del fortilizio.","Torre di avvistamento, senza troniera. epoca vicereale",
Castello di Montalto,Ravello,Castello,"40.68310260772706,14.618747234344482","Costruito sullo sperone di roccia tra la vallata di Tramonti ed il territorio di Ravello prendeva il nome di ""castrum Montalto"" o di ""Trivento"" ed appare citato già in un documento del 1131. Se le strutture fossero private della copertura vegetale sarebbe possibile seguirne l'andamento. Esso ha pianta rettangolare con a S i resti di un torrione, mentre sul lato E si trovavano le strutture di una cisterna, rivestita in cocciopesto ed in parte crollata. Il materiale utilizzato per la costruzione è la pietra calcarea, in blocchi di diversa misura e chiaramente provenienti dal circondario (è possibile identificare facilmente gli scassi da dove fu prelevata la pietra). Il sito è di facile accesso dal punto di vista della viabilità ma occorre conoscere il sentiero (non è indicato e attraversa, inoltre, castagneti privati), perché non è di facile individuazione.",epoca normanna,
Torre dello Scarpariello,Ravello,Torre costiera,"40.642064809799194,14.618092775344849","Costruita intorno al 1533 ma completamente ristrutturata all'interno. Sorge alla località Marmorata su una sporgenza della scogliera prima dell'insenatura di Minori. La torre, in origine prese il nome della località dove sorge, Ficarola, poi divenne inspiegabilmente dello Scarpariello. Si tratta di una torre di avvistamento con tre troniere e due piazze. Utilizzata come abitazione è stata fortemente rimaneggiata.","Detta anche di Capo Focardo, Marmorata o Ficarola. epoca vicereale",
Torre dello Ziro,Scala,Torre costiera,"40.635908, 14.605730","La fortezza situata sul Monte Aureo, sovrasta le città di Amalfi e di Atrani e sorge sul territorio di Scala. Non si conosce la data certa di costruzione, ma l'impronta aragonese fa pensare al XV secolo. La torre risulta priva di entrate e si suppone che per accedervi si usassero delle scale levatoie.  Edificata nel 1292 sui resti di una precedente torre detta di San Felice. La torre  a base cilindrica fu edificata, per volere di Carlo I d'Angiò, tra il 1292 ed il 1305, come riporta una lapide apposta sulle mura, e venne più volte restaurata perchè rivestiva un'indubbia importanza strategica. La torre risulta composta da tre appartamenti con astrico superiore e fossa inferiore dove si tenevano gli inquisiti e i carcerati. Accanto alla fossa era collocata una cisterna, un'altra si trovava avanti alla torre, dove c'era anche un forno e una guardiola. Richiama per le sue forme quelle di epoca angioina, si sviluppa con un primo corpo a base circolare, con pareti a scarpata senza aperture, un marcapiano in pietra a toro, e un secondo corpo cilindrico con coronamento di merli a filo con la parete esterna. La torre è circondata da una serie di mura merlate utilizzate per la difesa della città fino al Settecento.","Detta torre del Ciro o Giro, o anche del buon tempo. epoca angioina",
Torre Crestarella,Vietri,Torre costiera,"40.66944479942322,14.732317328453064","Torre Crestarella oppure torre del Chiatamone, fu costruita nel 1564. Di rilevante importanza strategica per la difesa della Marina, questo luogo fu oggetto nel corso del XVI secolo di interventi finalizzati al presidio da parte dell'Università della Cava.",Torre di sbarramento a base quadrata con quattro troniere. epoca vicereale,
"Torre della Punta di Fuenti, di Fuonti o di Santa Maria della Catena",Vietri,Torre costiera,"40.65782278776169,14.712235629558563",La torre di santa Maria della Catena fu realizzata nei pressi dell'omonimo porto romano per impedire alle navi corsare di attraccare alla banchina del porto. In epoca vicereale era censita nel territorio dell'Università della Cava; oggi sorge nel comune di Vietri sul Mare.,Torre di sbarramento a base circolare. epoca vicereale,
Torre di Bassano,Vietri,Torre costiera,"40.65788850188255,14.712146446108818","Fu costruita nel 1563 in prossimità della cala di Fuenti, in cui i pirati saraceni ormeggiavano le loro feluche e da cui partivano per le numerose scorrerie. Proprio una di queste incursioni, pochi anni prima, era costata cara alla vicina Cetara, che fu completamente distrutta, con 300 abitanti deportati; capo dell'assalto era stato il famigerato Sinan Bassà (più famoso col nome temibile di Ariadeno Barbarossa), dal quale sembra che derivi il nome della torre.",La torre di Bassano è una delle tante torri di avvistamento situate lungo la costiera amalfitana. epoca vicereale,
Torre di Marina di Albori,Vietri,Torre costiera,"40.66430568695069,14.71624553203583","La torre fu edificata poiché serviva un avviso sulla montagna. Infatti è situata su un alto e ripido costone roccioso, in prossimità della Marina di Albori. Adibita a torre di avvistamento, è attualmente incorporata in un nuovo edificio e trasformata in abitazione privata. Presenta una struttura a doppia piazza con cinque troniere sul fronte mare.",Torre di sbarramento. epoca vicereale,
"Torre di Vietri, della Marina o di Vito Bianchi",Vietri,Torre costiera,"40.668480545282364,14.72260370850563","La torre, di epoca vicereale, a cinque troniere, è indicativa dell’avanzamento della linea di costa dopo l’alluvione del 1954, infatti ora risulta lontana dal mare. Oggi è utilizzata come edificio della Guardia di Finanza.",Torre di sbarramento a cinque troniere. epoca vicereale. sede della guardia di finanza,